id,first_name,last_name,email
1,Felisha,Topp,ftopp0@blog.com
2,Eugine,Strudwick,estrudwick1@liveinternet.ru
3,Cy,Greenmon,cgreenmon2@wufoo.com
4,Oliver,Jenik,ojenik3@tumblr.com
5,Caitrin,Lawles,clawles4@abc.net.au
6,Neel,Kenright,nkenright5@delicious.com
7,Elka,Raxworthy,eraxworthy6@theatlantic.com
8,Amii,Blackburn,ablackburn7@tmall.com
9,Cherey,Anger,canger8@techcrunch.com
10,Susanna,Mathivet,smathivet9@opera.com
11,Riva,Hully,rhullya@cdc.gov
12,Dallas,Wallman,dwallmanb@sciencedaily.com
13,Saunder,Moore,smoorec@gizmodo.com
14,Ana,Clough,acloughd@google.it
15,Saree,Connealy,sconnealye@so-net.ne.jp
16,Georgina,Dreghorn,gdreghornf@businessinsider.com
17,Germayne,Felton,gfeltong@archive.org
18,Leonora,Joskovitch,ljoskovitchh@pen.io
19,Philippa,McPake,pmcpakei@businesswire.com
20,Abigale,Sayle,asaylej@narod.ru
21,Devina,Gooder,dgooderk@statcounter.com
22,Latisha,Preedy,lpreedyl@smugmug.com
23,Gena,Jime,gjimem@auda.org.au
24,Fraser,Tombs,ftombsn@zdnet.com
25,Matty,Levane,mlevaneo@tuttocitta.it
26,Ethelbert,Povah,epovahp@tripadvisor.com
27,Eduardo,Michael,emichaelq@nymag.com
28,Galina,Huckel,ghuckelr@netvibes.com
29,Flor,Franchi,ffranchis@nih.gov
30,Hadrian,Calterone,hcalteronet@deviantart.com
31,Vivien,Lathleiff,vlathleiffu@cnbc.com
32,Chrissie,Oene,coenev@nymag.com
33,Piotr,Theuff,ptheuffw@blogspot.com
34,Harmon,Crosse,hcrossex@tiny.cc
35,Alvinia,Bleackley,ableackleyy@baidu.com
36,Emlen,Waterstone,ewaterstonez@wikia.com
37,Tobiah,Lutwidge,tlutwidge10@howstuffworks.com
38,Waylan,Wadsworth,wwadsworth11@xing.com
39,Blanche,Londer,blonder12@sakura.ne.jp
40,Rowen,Alliker,ralliker13@forbes.com
41,Ruthie,Newtown,rnewtown14@csmonitor.com
42,Kitti,Soots,ksoots15@nasa.gov
43,Regan,Pavey,rpavey16@google.co.jp
44,Martica,Mangeney,mmangeney17@weather.com
45,Tisha,Brodeur,tbrodeur18@comcast.net
46,Carlyn,Ciccetti,cciccetti19@latimes.com
47,Stefa,Hanshawe,shanshawe1a@shutterfly.com
48,Phil,Mycroft,pmycroft1b@webeden.co.uk
49,Daveen,Scarsbrooke,dscarsbrooke1c@amazon.co.jp
50,Sallyanne,Newe,snewe1d@opera.com
51,Estel,Van der Krui,evanderkrui1e@examiner.com
52,Parnell,Plaid,pplaid1f@google.ca
53,Odelinda,Idel,oidel1g@reuters.com
54,Ileana,Waldera,iwaldera1h@tripadvisor.com
55,Dall,Butte,dbutte1i@goodreads.com
56,Genvieve,Bernardos,gbernardos1j@imgur.com
57,Craig,Esberger,cesberger1k@nps.gov
58,Chrystel,Sarrell,csarrell1l@dion.ne.jp
59,Cookie,Gravey,cgravey1m@samsung.com
60,Gabriellia,Bonham,gbonham1n@reverbnation.com
61,Peyter,Masserel,pmasserel1o@bbc.co.uk
62,Cecilia,Beaty,cbeaty1p@state.gov
63,Correna,Tadlow,ctadlow1q@europa.eu
64,Jordanna,Dopson,jdopson1r@state.gov
65,Rudolph,Castro,rcastro1s@columbia.edu
66,Katie,Di Biasio,kdibiasio1t@amazonaws.com
67,Danila,Ravenshaw,dravenshaw1u@odnoklassniki.ru
68,Pepito,Godmar,pgodmar1v@nymag.com
69,Susy,Claworth,sclaworth1w@so-net.ne.jp
70,Spenser,Bilston,sbilston1x@vinaora.com
71,Joly,Culter,jculter1y@webeden.co.uk
72,Hildegaard,Postlewhite,hpostlewhite1z@uiuc.edu
73,Minnnie,Eble,meble20@github.com
74,Bran,Rodgman,brodgman21@gov.uk
75,Mathew,Hallowes,mhallowes22@jugem.jp
76,Blanch,Priestley,bpriestley23@artisteer.com
77,Jolene,Duffy,jduffy24@github.com
78,Kalil,Cereceres,kcereceres25@mashable.com
79,Amie,Mantram,amantram26@msu.edu
80,Barde,Nano,bnano27@cocolog-nifty.com
81,Aurilia,Brockbank,abrockbank28@soundcloud.com
82,Sim,Doogan,sdoogan29@topsy.com
83,Enrika,Dymoke,edymoke2a@accuweather.com
84,Adelheid,Filipiak,afilipiak2b@yelp.com
85,Vilma,Kennefick,vkennefick2c@com.com
86,Elliott,Coltherd,ecoltherd2d@t.co
87,Cathee,McSporon,cmcsporon2e@newsvine.com
88,Karisa,Costall,kcostall2f@topsy.com
89,Darcie,Rutigliano,drutigliano2g@nytimes.com
90,Lotta,Gildersleaves,lgildersleaves2h@baidu.com
91,Bonnie,Skehan,bskehan2i@wikipedia.org
92,Federica,Diack,fdiack2j@instagram.com
93,Marlena,Leeman,mleeman2k@ask.com
94,Ulla,Whistan,uwhistan2l@github.io
95,Shirley,O'Keenan,sokeenan2m@wordpress.com
96,Rozanna,Tabourier,rtabourier2n@bandcamp.com
97,Asher,Dormon,adormon2o@smh.com.au
98,Giorgi,Lackmann,glackmann2p@gnu.org
99,Francisco,Ullyatt,fullyatt2q@vinaora.com
100,Pet,Cathro,pcathro2r@google.com.hk
101,Bat,Dearnly,bdearnly2s@godaddy.com
102,Torrie,Burnage,tburnage2t@army.mil
103,Nicolle,Mulford,nmulford2u@people.com.cn
104,Mari,Candwell,mcandwell2v@shutterfly.com
105,Brigida,Di Giacomettino,bdigiacomettino2w@macromedia.com
106,Correy,Plampeyn,cplampeyn2x@taobao.com
107,Sula,Vaines,svaines2y@imgur.com
108,Tally,Dillamore,tdillamore2z@hc360.com
109,Teodoor,Bilovus,tbilovus30@state.tx.us
110,Creight,Meale,cmeale31@desdev.cn
111,Durant,Inmett,dinmett32@alibaba.com
112,Allen,Folling,afolling33@bandcamp.com
113,Joann,Jahns,jjahns34@soundcloud.com
114,Sascha,Styche,sstyche35@cnbc.com
115,Sianna,Dumbleton,sdumbleton36@adobe.com
116,Wren,Keates,wkeates37@foxnews.com
117,Gualterio,Jerratsch,gjerratsch38@qq.com
118,Manny,Bedbury,mbedbury39@newyorker.com
119,Blakelee,Boyde,bboyde3a@imageshack.us
120,Levey,Stutely,lstutely3b@about.com
121,Kelvin,Grivori,kgrivori3c@dailymotion.com
122,Dionis,Moret,dmoret3d@umn.edu
123,Abbe,Guilleton,aguilleton3e@tinypic.com
124,Brook,Nanuccioi,bnanuccioi3f@businesswire.com
125,Moina,Vedyashkin,mvedyashkin3g@amazon.com
126,Grady,Yateman,gyateman3h@reference.com
127,Dierdre,Remmers,dremmers3i@etsy.com
128,Tomlin,Sabbins,tsabbins3j@biglobe.ne.jp
129,Almira,Huffa,ahuffa3k@house.gov
130,Aksel,Guswell,aguswell3l@flavors.me
131,Bobette,Kopelman,bkopelman3m@github.com
132,Skyler,Bastin,sbastin3n@bloglovin.com
133,Elsinore,Lynes,elynes3o@toplist.cz
134,Pyotr,Kisbee,pkisbee3p@privacy.gov.au
135,Filip,Hoston,fhoston3q@phpbb.com
136,Brandi,Leynton,bleynton3r@topsy.com
137,Kaspar,Bambra,kbambra3s@bluehost.com
138,Timofei,Hannaway,thannaway3t@latimes.com
139,Viviana,Burnham,vburnham3u@army.mil
140,Baron,Humm,bhumm3v@networkadvertising.org
141,Sidney,Hickford,shickford3w@microsoft.com
142,Thaddeus,Balmann,tbalmann3x@google.de
143,Mattie,Wysome,mwysome3y@friendfeed.com
144,Margot,Burgill,mburgill3z@amazon.co.jp
145,Hardy,Spurway,hspurway40@gov.uk
146,Mead,Patriche,mpatriche41@cocolog-nifty.com
147,Townie,Enga,tenga42@ebay.co.uk
148,Wendell,Okenden,wokenden43@jiathis.com
149,Gherardo,Giriardelli,ggiriardelli44@adobe.com
150,Wyn,McCarroll,wmccarroll45@ed.gov
151,Anton,Hardey,ahardey46@mit.edu
152,Cyndia,Coggins,ccoggins47@ocn.ne.jp
153,Edee,Moehler,emoehler48@psu.edu
154,Sadella,Naylor,snaylor49@mozilla.com
155,Godart,Rawlings,grawlings4a@blogger.com
156,Norean,MacMeeking,nmacmeeking4b@wiley.com
157,Mychal,Kitlee,mkitlee4c@geocities.jp
158,Kennie,Yarranton,kyarranton4d@nifty.com
159,Mannie,Tolossi,mtolossi4e@163.com
160,Coleman,Bernucci,cbernucci4f@histats.com
161,Harmonie,Piercey,hpiercey4g@latimes.com
162,Sarena,Trehearne,strehearne4h@guardian.co.uk
163,Lannie,Wager,lwager4i@ca.gov
164,Luci,Champney,lchampney4j@behance.net
165,Kessiah,Spiller,kspiller4k@about.com
166,Enrico,Jurasek,ejurasek4l@blogtalkradio.com
167,Karel,Vears,kvears4m@slashdot.org
168,Chloris,Harvison,charvison4n@ameblo.jp
169,Berne,Wilkins,bwilkins4o@drupal.org
170,Berti,Issacson,bissacson4p@unc.edu
171,Paulie,Peregrine,pperegrine4q@studiopress.com
172,Alma,McCambrois,amccambrois4r@epa.gov
173,Marla,Ambresin,mambresin4s@businessinsider.com
174,Tarah,Le Blanc,tleblanc4t@ucsd.edu
175,Cornela,Bonhome,cbonhome4u@nationalgeographic.com
176,Dukey,Coit,dcoit4v@4shared.com
177,Arleta,Prandin,aprandin4w@cam.ac.uk
178,Pacorro,Ruter,pruter4x@alexa.com
179,Gretna,Babbidge,gbabbidge4y@github.io
180,Cathee,Vannacci,cvannacci4z@jugem.jp
181,Malory,Lefwich,mlefwich50@youku.com
182,Gabi,Jery,gjery51@naver.com
183,Florie,Sawter,fsawter52@guardian.co.uk
184,Gayleen,Brownbridge,gbrownbridge53@exblog.jp
185,Judye,Bunhill,jbunhill54@clickbank.net
186,Fina,Basketter,fbasketter55@skyrock.com
187,Barbra,Covell,bcovell56@bloglovin.com
188,Jessika,Srutton,jsrutton57@latimes.com
189,Edd,Guerrieri,eguerrieri58@scribd.com
190,Aldridge,Cristofvao,acristofvao59@salon.com
191,Vasilis,Norewood,vnorewood5a@4shared.com
192,Bianca,McCreary,bmccreary5b@dailymotion.com
193,Case,Tother,ctother5c@amazon.co.uk
194,Drugi,Enevoldsen,denevoldsen5d@telegraph.co.uk
195,Ferdie,Sommersett,fsommersett5e@photobucket.com
196,Fernanda,Glassborow,fglassborow5f@github.com
197,Warde,Bugbee,wbugbee5g@google.co.uk
198,Renato,Coverlyn,rcoverlyn5h@accuweather.com
199,Hadlee,Legister,hlegister5i@ow.ly
200,Guthrie,Sidary,gsidary5j@diigo.com
201,Shannon,Chittey,schittey5k@livejournal.com
202,Pat,Parnby,pparnby5l@archive.org
203,Tallulah,Stobo,tstobo5m@ebay.co.uk
204,Bertina,Bourley,bbourley5n@chron.com
205,Pauli,Gerrens,pgerrens5o@vimeo.com
206,Charmian,Dunsford,cdunsford5p@sourceforge.net
207,April,Cargill,acargill5q@dot.gov
208,Winslow,Duce,wduce5r@furl.net
209,Elvis,Campana,ecampana5s@ed.gov
210,Darrin,Maleby,dmaleby5t@imgur.com
211,Nikolai,Boler,nboler5u@cloudflare.com
212,Duff,McAndie,dmcandie5v@globo.com
213,Torey,Wedgbrow,twedgbrow5w@dell.com
214,Carlin,Eliaz,celiaz5x@berkeley.edu
215,Genvieve,Lindback,glindback5y@mapquest.com
216,Hercules,Fernihough,hfernihough5z@indiatimes.com
217,Cosmo,Gaythor,cgaythor60@g.co
218,Lark,Herion,lherion61@nymag.com
219,Pennie,Syrie,psyrie62@go.com
220,Jenifer,Blake,jblake63@china.com.cn
221,Pepi,Otley,potley64@zimbio.com
222,Dolorita,Whitley,dwhitley65@so-net.ne.jp
223,Tabbitha,Junifer,tjunifer66@xrea.com
224,Maryrose,Kenewel,mkenewel67@yellowpages.com
225,Anita,Devitt,adevitt68@accuweather.com
226,Lane,Cherry,lcherry69@hubpages.com
227,Hedda,Rockhall,hrockhall6a@yellowpages.com
228,Eugenia,Postans,epostans6b@symantec.com
229,Wain,Curneen,wcurneen6c@earthlink.net
230,Raimundo,Stow,rstow6d@jiathis.com
231,Janeva,McCowan,jmccowan6e@howstuffworks.com
232,Ardenia,Swannie,aswannie6f@technorati.com
233,Sheryl,Shutte,sshutte6g@dailymail.co.uk
234,Mile,Shepherdson,mshepherdson6h@naver.com
235,Patsy,Attersoll,pattersoll6i@addthis.com
236,Gwendolin,Cosbey,gcosbey6j@amazon.de
237,Chrysler,Clerke,cclerke6k@howstuffworks.com
238,Friedrich,Flute,fflute6l@e-recht24.de
239,Christabella,Clutterham,cclutterham6m@sciencedaily.com
240,Kelley,Salkeld,ksalkeld6n@disqus.com
241,Tonie,Malim,tmalim6o@addthis.com
242,Man,Quigley,mquigley6p@utexas.edu
243,Vinita,Treece,vtreece6q@whitehouse.gov
244,Jud,Mournian,jmournian6r@nbcnews.com
245,Kariotta,Carrack,kcarrack6s@vinaora.com
246,Hieronymus,Potteridge,hpotteridge6t@goo.gl
247,Mallory,Petrello,mpetrello6u@mayoclinic.com
248,Marty,Castles,mcastles6v@free.fr
249,Hedwiga,Zimek,hzimek6w@miibeian.gov.cn
250,Prudy,Causley,pcausley6x@youtube.com
251,Finley,Wallbutton,fwallbutton6y@networksolutions.com
252,Sandi,Sappson,ssappson6z@github.io
253,Gabriela,Magenny,gmagenny70@mac.com
254,Granville,Gantzer,ggantzer71@independent.co.uk
255,Tremaine,Makepeace,tmakepeace72@so-net.ne.jp
256,Madelina,Reven,mreven73@elpais.com
257,Hale,Herreros,hherreros74@zdnet.com
258,Lilas,Fishly,lfishly75@webeden.co.uk
259,Blaine,Delph,bdelph76@com.com
260,Lorettalorna,Thies,lthies77@discuz.net
261,Rourke,Thouless,rthouless78@abc.net.au
262,Katharine,Dyble,kdyble79@mayoclinic.com
263,Mervin,Permain,mpermain7a@vistaprint.com
264,Glen,Valerio,gvalerio7b@acquirethisname.com
265,Avril,Hallihane,ahallihane7c@craigslist.org
266,Hamlin,McHan,hmchan7d@google.com.hk
267,Jacqueline,Nunns,jnunns7e@nydailynews.com
268,Wynn,Winterton,wwinterton7f@un.org
269,Meredithe,Flintoft,mflintoft7g@cnbc.com
270,Tobey,Sleney,tsleney7h@huffingtonpost.com
271,Jerrilee,Welfair,jwelfair7i@ibm.com
272,Garner,Matieu,gmatieu7j@bloglovin.com
273,Rahel,Rollings,rrollings7k@nba.com
274,Jacynth,Brierton,jbrierton7l@pagesperso-orange.fr
275,Orsa,Flade,oflade7m@whitehouse.gov
276,Jason,Demko,jdemko7n@house.gov
277,Daniel,Petrov,dpetrov7o@dion.ne.jp
278,Jacquelynn,Gouldthorp,jgouldthorp7p@tinypic.com
279,Raynard,Towler,rtowler7q@seattletimes.com
280,Cicely,Pimbley,cpimbley7r@geocities.com
281,Heath,Taphouse,htaphouse7s@huffingtonpost.com
282,Rochester,Racher,rracher7t@alexa.com
283,Erv,Dollar,edollar7u@hp.com
284,Junina,Bridges,jbridges7v@aboutads.info
285,Wallas,Rodrigo,wrodrigo7w@google.es
286,Tansy,Stobie,tstobie7x@webmd.com
287,Mychal,Sinclair,msinclair7y@wordpress.org
288,Rosetta,Bendon,rbendon7z@de.vu
289,Maddie,Spurryer,mspurryer80@wisc.edu
290,Phillida,Tenney,ptenney81@huffingtonpost.com
291,Eldredge,Connar,econnar82@newyorker.com
292,Cecilio,Burdon,cburdon83@goodreads.com
293,Elsworth,Pentercost,epentercost84@mit.edu
294,Jolee,Lequeux,jlequeux85@symantec.com
295,Rubin,Lante,rlante86@facebook.com
296,Garey,Dany,gdany87@wordpress.com
297,Doll,Leachman,dleachman88@marriott.com
298,Rowland,Dunston,rdunston89@globo.com
299,Bennett,Smout,bsmout8a@columbia.edu
300,Emilie,Herche,eherche8b@ox.ac.uk
301,Upton,Holgan,uholgan8c@nytimes.com
302,Edwin,Soot,esoot8d@is.gd
303,Floris,Hrinchenko,fhrinchenko8e@free.fr
304,Claribel,Syphus,csyphus8f@google.com.br
305,Bourke,Salmon,bsalmon8g@sohu.com
306,Merle,Chismon,mchismon8h@vk.com
307,Sergeant,Redfern,sredfern8i@netlog.com
308,Winny,Kynge,wkynge8j@earthlink.net
309,Hatty,Mustoo,hmustoo8k@theguardian.com
310,Basil,Fere,bfere8l@timesonline.co.uk
311,Marcos,Leimster,mleimster8m@jugem.jp
312,Guthrey,Treffry,gtreffry8n@nih.gov
313,Evonne,Cashmore,ecashmore8o@google.fr
314,Marti,Mellodey,mmellodey8p@opera.com
315,Luce,Folini,lfolini8q@mail.ru
316,Karoly,Schulkins,kschulkins8r@wired.com
317,Rosalind,Outridge,routridge8s@wikia.com
318,Freddi,Dorman,fdorman8t@t-online.de
319,Josi,Infantino,jinfantino8u@tamu.edu
320,Gregory,Whoston,gwhoston8v@nationalgeographic.com
321,Quintina,Sinnocke,qsinnocke8w@va.gov
322,Rolland,Rasell,rrasell8x@admin.ch
323,Aleda,MacCallam,amaccallam8y@dyndns.org
324,Blinni,Kuban,bkuban8z@nymag.com
325,Coletta,Nugent,cnugent90@blinklist.com
326,Gretchen,DeSousa,gdesousa91@skyrock.com
327,Briano,Deaconson,bdeaconson92@bing.com
328,Lizabeth,Stewart,lstewart93@facebook.com
329,Peta,Sharpus,psharpus94@yolasite.com
330,Lise,Schneidar,lschneidar95@goodreads.com
331,Aylmer,Margach,amargach96@rakuten.co.jp
332,Meagan,Sarjent,msarjent97@dropbox.com
333,Buffy,McCreath,bmccreath98@ed.gov
334,Corby,Spering,cspering99@independent.co.uk
335,Ichabod,Shovelin,ishovelin9a@merriam-webster.com
336,Mycah,Legion,mlegion9b@skype.com
337,Torre,Marquand,tmarquand9c@free.fr
338,Moria,Harnott,mharnott9d@miitbeian.gov.cn
339,Kristine,Bloggett,kbloggett9e@ezinearticles.com
340,Nonah,Cansdell,ncansdell9f@ihg.com
341,Clemente,Cathrae,ccathrae9g@livejournal.com
342,Gwenny,Neilus,gneilus9h@devhub.com
343,Jolynn,Naris,jnaris9i@joomla.org
344,Lilla,Lavigne,llavigne9j@w3.org
345,Gusti,Gieraths,ggieraths9k@opera.com
346,Jerome,Bilson,jbilson9l@bbb.org
347,Elfreda,Pattisson,epattisson9m@tripadvisor.com
348,Deni,Davioud,ddavioud9n@meetup.com
349,Rochester,Hammelberg,rhammelberg9o@ftc.gov
350,Raff,Bauldrey,rbauldrey9p@fema.gov
351,Martino,Lishmund,mlishmund9q@tamu.edu
352,Lina,Emblem,lemblem9r@1und1.de
353,Lindy,Kagan,lkagan9s@mtv.com
354,Sarina,McInteer,smcinteer9t@state.gov
355,Melinde,Bremond,mbremond9u@economist.com
356,Inglis,Bruggeman,ibruggeman9v@telegraph.co.uk
357,Chicky,Eyres,ceyres9w@ezinearticles.com
358,Shawn,Charnock,scharnock9x@gnu.org
359,Aliza,Pampling,apampling9y@nyu.edu
360,Elana,Gillibrand,egillibrand9z@tiny.cc
361,Bar,McRae,bmcraea0@geocities.jp
362,Katharyn,Brunone,kbrunonea1@boston.com
363,Gran,Sprowell,gsprowella2@studiopress.com
364,Calv,Slarke,cslarkea3@cisco.com
365,Burke,Siggens,bsiggensa4@nsw.gov.au
366,Jeannette,Dorkin,jdorkina5@jiathis.com
367,Jamill,Meckiff,jmeckiffa6@sitemeter.com
368,Adelheid,Seeds,aseedsa7@theguardian.com
369,Sibylla,Hannibal,shannibala8@feedburner.com
370,Sara-ann,Saward,ssawarda9@edublogs.org
371,Garrick,Butterly,gbutterlyaa@economist.com
372,Riccardo,Templman,rtemplmanab@shareasale.com
373,Elvis,Paintain,epaintainac@imgur.com
374,Valene,Emslie,vemsliead@mysql.com
375,Rafaello,Wyatt,rwyattae@who.int
376,Anatollo,Hoggetts,ahoggettsaf@newsvine.com
377,Hyacinthie,Dowgill,hdowgillag@wix.com
378,Giulia,Truggian,gtruggianah@quantcast.com
379,Cherianne,Gyves,cgyvesai@comsenz.com
380,Orton,Cowcha,ocowchaaj@gmpg.org
381,Lance,Kwietek,lkwietekak@parallels.com
382,Harriott,Gerrad,hgerradal@lulu.com
383,Tannie,Jaeggi,tjaeggiam@smugmug.com
384,Theodore,Petroselli,tpetrosellian@is.gd
385,Bertie,McGeaney,bmcgeaneyao@slashdot.org
386,Ernesto,Abramovic,eabramovicap@dedecms.com
387,Shannen,Jestico,sjesticoaq@sbwire.com
388,Marion,Rudram,mrudramar@japanpost.jp
389,Em,Burlingame,eburlingameas@redcross.org
390,Kalindi,Goudy,kgoudyat@oracle.com
391,Clarice,Yewdell,cyewdellau@unesco.org
392,Townsend,Ferrao,tferraoav@japanpost.jp
393,Bastien,Coulsen,bcoulsenaw@usatoday.com
394,Carroll,Betonia,cbetoniaax@eepurl.com
395,Barron,Chilver,bchilveray@reddit.com
396,Barnebas,Mallia,bmalliaaz@ezinearticles.com
397,Talbot,Ebbins,tebbinsb0@usa.gov
398,Austine,MacKilroe,amackilroeb1@oakley.com
399,Gnni,Fleis,gfleisb2@hexun.com
400,Hurlee,Gniewosz,hgniewoszb3@php.net
401,Devin,Partrick,dpartrickb4@a8.net
402,Conrad,Barkess,cbarkessb5@odnoklassniki.ru
403,Thebault,Bollard,tbollardb6@histats.com
404,Meade,Aireton,mairetonb7@shinystat.com
405,Gun,Pughe,gpugheb8@g.co
406,Lyn,Darracott,ldarracottb9@w3.org
407,Ulrikaumeko,Tatnell,utatnellba@nydailynews.com
408,Martina,Luffman,mluffmanbb@tamu.edu
409,Yovonnda,Dawes,ydawesbc@nymag.com
410,Romonda,Cantero,rcanterobd@chicagotribune.com
411,Anne-marie,Yitzhak,ayitzhakbe@51.la
412,Clementina,Inggall,cinggallbf@usda.gov
413,Dita,Andre,dandrebg@example.com
414,Arlee,Vosper,avosperbh@spotify.com
415,Emory,Minney,eminneybi@cocolog-nifty.com
416,Nert,Weins,nweinsbj@skyrock.com
417,Shayna,Muckle,smucklebk@fema.gov
418,Evelin,Ambroise,eambroisebl@sitemeter.com
419,Prentiss,Seint,pseintbm@cnbc.com
420,Windy,O' Mara,womarabn@java.com
421,Roxy,Raynard,rraynardbo@sphinn.com
422,Rivy,De La Coste,rdelacostebp@dailymail.co.uk
423,Thorpe,Dogg,tdoggbq@list-manage.com
424,Boony,Petrelli,bpetrellibr@e-recht24.de
425,Lacee,Towle,ltowlebs@ask.com
426,Thornie,Lorek,tlorekbt@geocities.com
427,Sharon,Trowsdale,strowsdalebu@de.vu
428,Floyd,Di Bartolomeo,fdibartolomeobv@hp.com
429,Marjorie,Cathery,mcatherybw@scientificamerican.com
430,Faina,Pittet,fpittetbx@sciencedirect.com
431,Dallas,Beacom,dbeacomby@irs.gov
432,Erminia,Swinnerton,eswinnertonbz@hugedomains.com
433,Ileana,Fassam,ifassamc0@china.com.cn
434,Bamby,Raddan,braddanc1@cnn.com
435,Addie,Krojn,akrojnc2@wp.com
436,Catherina,Kingswell,ckingswellc3@nationalgeographic.com
437,Addia,Nuttall,anuttallc4@miibeian.gov.cn
438,Neil,McGuggy,nmcguggyc5@de.vu
439,Cristabel,Waplington,cwaplingtonc6@globo.com
440,Cele,Branno,cbrannoc7@mlb.com
441,Norrie,Hackly,nhacklyc8@nyu.edu
442,Lorry,Whorlton,lwhorltonc9@unicef.org
443,Roselia,Chisnell,rchisnellca@netscape.com
444,Murvyn,Storrier,mstorriercb@istockphoto.com
445,Grata,Remer,gremercc@unc.edu
446,Cordula,Parlot,cparlotcd@bluehost.com
447,George,Willard,gwillardce@dmoz.org
448,Franciska,Moulson,fmoulsoncf@squidoo.com
449,Jaclin,Chason,jchasoncg@virginia.edu
450,Jayme,McKirdy,jmckirdych@census.gov
451,Margot,Renbold,mrenboldci@goo.gl
452,Julissa,Withur,jwithurcj@jalbum.net
453,Maren,Bodd,mboddck@marketwatch.com
454,Wilone,Audenis,waudeniscl@sciencedirect.com
455,Wilden,Downse,wdownsecm@liveinternet.ru
456,Sully,Le Barre,slebarrecn@chronoengine.com
457,Ely,Cashen,ecashenco@bbb.org
458,Calley,Doge,cdogecp@mtv.com
459,Gannon,Gue,gguecq@techcrunch.com
460,Donnie,Disdel,ddisdelcr@gizmodo.com
461,Roderic,Blennerhassett,rblennerhassettcs@bigcartel.com
462,Alvera,Grono,agronoct@goo.gl
463,Jillana,Vescovo,jvescovocu@opera.com
464,Raffaello,Rubenovic,rrubenoviccv@dmoz.org
465,Fredericka,Tutchings,ftutchingscw@ox.ac.uk
466,Riki,Bims,rbimscx@mozilla.com
467,Prescott,Glanders,pglanderscy@cbsnews.com
468,Tanhya,Davidai,tdavidaicz@umich.edu
469,Orelia,Stathor,ostathord0@github.io
470,Caralie,Illing,cillingd1@aol.com
471,Gill,Sear,gseard2@smh.com.au
472,Marnia,Rebert,mrebertd3@yolasite.com
473,Ansell,Gilardone,agilardoned4@google.com.hk
474,Chadwick,Clynter,cclynterd5@skype.com
475,Hilary,Tilsley,htilsleyd6@amazonaws.com
476,Malachi,Peirone,mpeironed7@bluehost.com
477,Laverna,Paradine,lparadined8@admin.ch
478,Rafferty,Ruscoe,rruscoed9@surveymonkey.com
479,Chen,Font,cfontda@wix.com
480,Ramonda,Pessold,rpessolddb@gizmodo.com
481,Tine,Healks,thealksdc@angelfire.com
482,Killie,Arthy,karthydd@youku.com
483,Jennee,Arney,jarneyde@live.com
484,Clarine,Bowmaker,cbowmakerdf@forbes.com
485,Bridie,Britton,bbrittondg@xinhuanet.com
486,Amos,Brotherhed,abrotherheddh@google.com.br
487,Berte,Lardez,blardezdi@addthis.com
488,Addy,Edmonston,aedmonstondj@dmoz.org
489,Hilde,Lademann,hlademanndk@i2i.jp
490,Issie,Mitchinson,imitchinsondl@fotki.com
491,Steffi,Maudson,smaudsondm@hao123.com
492,Giacinta,Mc Caghan,gmccaghandn@marriott.com
493,Cristiano,Kingman,ckingmando@unesco.org
494,Legra,Shawell,lshawelldp@bigcartel.com
495,Penny,Iggulden,pigguldendq@whitehouse.gov
496,Vally,Dawes,vdawesdr@wikispaces.com
497,Vito,McCrone,vmccroneds@moonfruit.com
498,Janith,Titcom,jtitcomdt@altervista.org
499,Ted,Guiso,tguisodu@moonfruit.com
500,Anastasia,Vials,avialsdv@myspace.com
501,Genny,Currer,gcurrerdw@rakuten.co.jp
502,Lynn,Quarrell,lquarrelldx@purevolume.com
503,Ronica,Hartwell,rhartwelldy@is.gd
504,Lorene,Garrad,lgarraddz@mlb.com
505,Tedda,Chavrin,tchavrine0@salon.com
506,Tabina,Macari,tmacarie1@seesaa.net
507,Elliot,Perton,epertone2@hostgator.com
508,Alyosha,Bursnall,abursnalle3@technorati.com
509,Tymothy,Twallin,ttwalline4@telegraph.co.uk
510,Nydia,Seel,nseele5@mac.com
511,Jackson,Yantsurev,jyantsureve6@bigcartel.com
512,Georgeanna,Bussons,gbussonse7@deviantart.com
513,Drucy,Impleton,dimpletone8@gizmodo.com
514,Yulma,Tretwell,ytretwelle9@chron.com
515,Jamal,Trevethan,jtrevethanea@ucla.edu
516,Vernor,Rodell,vrodelleb@cyberchimps.com
517,Joelle,Darwood,jdarwoodec@ning.com
518,Libbie,Cushworth,lcushworthed@squidoo.com
519,Benito,Baldini,bbaldiniee@eepurl.com
520,Concettina,Huleatt,chuleattef@wufoo.com
521,Thomasa,Feetham,tfeethameg@yellowpages.com
522,Maryrose,Chrispin,mchrispineh@harvard.edu
523,Westbrook,Hanse,whanseei@angelfire.com
524,Vikky,Mayo,vmayoej@sitemeter.com
525,Loydie,Farran,lfarranek@smugmug.com
526,Hildagarde,MacCleod,hmaccleodel@cbslocal.com
527,Ginger,Cowthart,gcowthartem@seesaa.net
528,Uri,Whithalgh,uwhithalghen@youku.com
529,Jasmin,Cicetti,jcicettieo@tiny.cc
530,Sadie,Glentz,sglentzep@nationalgeographic.com
531,Jard,Langsdon,jlangsdoneq@yahoo.co.jp
532,Angelika,Ockendon,aockendoner@unc.edu
533,Kiel,Markos,kmarkoses@pen.io
534,Zondra,Quilty,zquiltyet@paypal.com
535,Brigida,Raycroft,braycrofteu@rambler.ru
536,Brittaney,Larchier,blarchierev@sun.com
537,Leisha,McKeran,lmckeranew@hostgator.com
538,Ranice,Dormand,rdormandex@zimbio.com
539,Bryon,Grogor,bgrogorey@youku.com
540,Rozella,Kelbie,rkelbieez@topsy.com
541,Kip,Japp,kjappf0@eventbrite.com
542,Galvin,Revie,grevief1@usda.gov
543,Charis,Gunnell,cgunnellf2@techcrunch.com
544,Donnie,Cuskery,dcuskeryf3@va.gov
545,Nathaniel,Packington,npackingtonf4@so-net.ne.jp
546,Hobie,Gorce,hgorcef5@mapquest.com
547,Galvin,Emmanuele,gemmanuelef6@jugem.jp
548,Roanne,Tutchener,rtutchenerf7@slate.com
549,Dianne,Kibbey,dkibbeyf8@si.edu
550,Mervin,Popelay,mpopelayf9@goo.ne.jp
551,Noak,Eminson,neminsonfa@cnet.com
552,Renae,Laurenzi,rlaurenzifb@ezinearticles.com
553,Katrina,Rickman,krickmanfc@bravesites.com
554,Raven,Jensen,rjensenfd@csmonitor.com
555,Caritta,Skin,cskinfe@g.co
556,Marlow,Linbohm,mlinbohmff@japanpost.jp
557,Adolph,O'Dennehy,aodennehyfg@lycos.com
558,Rachel,Shaves,rshavesfh@desdev.cn
559,Law,McDuall,lmcduallfi@nydailynews.com
560,Ignacius,Cullagh,icullaghfj@indiatimes.com
561,Glen,Chaudret,gchaudretfk@harvard.edu
562,Pat,Broomer,pbroomerfl@e-recht24.de
563,Elita,Pummery,epummeryfm@creativecommons.org
564,Anabelle,Messenbird,amessenbirdfn@blinklist.com
565,Ikey,Rickford,irickfordfo@huffingtonpost.com
566,Adda,Kleinholz,akleinholzfp@unicef.org
567,Patsy,Clynmans,pclynmansfq@home.pl
568,Leola,Tureville,lturevillefr@omniture.com
569,Twila,Mariyushkin,tmariyushkinfs@aol.com
570,Asa,Slipper,aslipperft@cbslocal.com
571,Warde,MacMenamie,wmacmenamiefu@unc.edu
572,Rey,Bilbery,rbilberyfv@bbc.co.uk
573,Courtnay,Brazil,cbrazilfw@i2i.jp
574,Porty,Hebson,phebsonfx@ebay.co.uk
575,Laurent,Truin,ltruinfy@cmu.edu
576,Murial,Russan,mrussanfz@blogspot.com
577,Marlene,Trahair,mtrahairg0@list-manage.com
578,Kaila,Andren,kandreng1@howstuffworks.com
579,Kahaleel,Bithell,kbithellg2@senate.gov
580,Barbaraanne,Shepheard,bshepheardg3@dropbox.com
581,Vikky,Von Der Empten,vvonderempteng4@house.gov
582,Hoebart,Havercroft,hhavercroftg5@cdc.gov
583,Sylvan,Planque,splanqueg6@hao123.com
584,Patty,Klimko,pklimkog7@jimdo.com
585,Catlee,Sanper,csanperg8@istockphoto.com
586,Blanca,Coursor,bcoursorg9@tripod.com
587,Anetta,Callow,acallowga@over-blog.com
588,Dareen,Pardal,dpardalgb@home.pl
589,Henrietta,Kuhle,hkuhlegc@hhs.gov
590,Claybourne,Dudding,cduddinggd@foxnews.com
591,Enrichetta,Karlmann,ekarlmannge@so-net.ne.jp
592,Leandra,Bedder,lbeddergf@un.org
593,Claudio,Duckit,cduckitgg@prnewswire.com
594,Annaliese,Crux,acruxgh@amazon.de
595,Phyllis,Richardsson,prichardssongi@businesswire.com
596,Jamil,Wheildon,jwheildongj@toplist.cz
597,Jackelyn,Lobbe,jlobbegk@deviantart.com
598,Simmonds,Haker,shakergl@phpbb.com
599,Jaymee,De Mattei,jdematteigm@cbslocal.com
600,Cariotta,Stothart,cstothartgn@devhub.com
601,Roman,Aspey,raspeygo@who.int
602,Rowney,Locket,rlocketgp@forbes.com
603,Hernando,Divill,hdivillgq@eepurl.com
604,Darryl,Rutley,drutleygr@toplist.cz
605,Eugene,Duckers,educkersgs@123-reg.co.uk
606,Maye,Pawlata,mpawlatagt@berkeley.edu
607,Benita,Gunningham,bgunninghamgu@i2i.jp
608,Meg,Gallafant,mgallafantgv@google.nl
609,Colette,Slimon,cslimongw@spiegel.de
610,Lemmy,Bram,lbramgx@bizjournals.com
611,Daren,Yedy,dyedygy@linkedin.com
612,Margaux,Minguet,mminguetgz@goodreads.com
613,Jorrie,MacTrustey,jmactrusteyh0@skyrock.com
614,Daryle,Smithe,dsmitheh1@slashdot.org
615,Lark,Tickel,ltickelh2@technorati.com
616,Cletis,Durrad,cdurradh3@forbes.com
617,Nanine,Pairpoint,npairpointh4@go.com
618,Rory,Loughlan,rloughlanh5@phpbb.com
619,Ruy,Ellen,rellenh6@technorati.com
620,Stefano,Killwick,skillwickh7@google.nl
621,Goldia,Benardette,gbenardetteh8@usda.gov
622,Hynda,Feavers,hfeaversh9@biblegateway.com
623,Elfrieda,Hagwood,ehagwoodha@homestead.com
624,Mervin,Eales,mealeshb@elegantthemes.com
625,Rene,Blazic,rblazichc@shinystat.com
626,Shayne,Tebbutt,stebbutthd@slideshare.net
627,Carlene,Leser,cleserhe@geocities.com
628,Charlotta,Duddy,cduddyhf@wunderground.com
629,Carline,Joska,cjoskahg@webeden.co.uk
630,Felike,Ghidini,fghidinihh@jimdo.com
631,Georgiana,Cristol,gcristolhi@bravesites.com
632,Hanan,Matyushonok,hmatyushonokhj@bing.com
633,Ignacius,Valentin,ivalentinhk@ox.ac.uk
634,Mohammed,Roache,mroachehl@oakley.com
635,Helaine,Silkston,hsilkstonhm@discovery.com
636,Johnny,Goodding,jgooddinghn@theglobeandmail.com
637,Joleen,Billett,jbillettho@adobe.com
638,Sarene,De Paoli,sdepaolihp@blog.com
639,Jordan,Berecloth,jbereclothhq@vimeo.com
640,Celle,Haggish,chaggishhr@ucoz.ru
641,Tanitansy,Oseman,tosemanhs@amazon.co.uk
642,Calida,Clowsley,cclowsleyht@com.com
643,Scarlet,Bisley,sbisleyhu@dagondesign.com
644,Michell,Blyth,mblythhv@t.co
645,Genovera,Whitrod,gwhitrodhw@blogtalkradio.com
646,Gianna,Molnar,gmolnarhx@unicef.org
647,Milena,Akam,makamhy@taobao.com
648,Vinny,Vasse,vvassehz@google.co.jp
649,Blanca,Schrinel,bschrineli0@wired.com
650,Noble,Alston,nalstoni1@jimdo.com
651,Ceil,Cross,ccrossi2@wufoo.com
652,Janean,Matthew,jmatthewi3@hp.com
653,Wainwright,Sawfoot,wsawfooti4@phoca.cz
654,Mickie,Gladhill,mgladhilli5@ted.com
655,Deedee,Gulley,dgulleyi6@google.com.hk
656,Siobhan,Tatterton,stattertoni7@symantec.com
657,Brigida,Sarath,bsarathi8@51.la
658,Jere,Stilgo,jstilgoi9@gov.uk
659,Petronella,Oldred,poldredia@homestead.com
660,Anatola,Sommerton,asommertonib@mit.edu
661,Bradford,Bearward,bbearwardic@whitehouse.gov
662,Edith,Stainfield,estainfieldid@addtoany.com
663,Jinny,Perham,jperhamie@oracle.com
664,Lilla,Zellner,lzellnerif@arstechnica.com
665,Derrick,McGarva,dmcgarvaig@ucsd.edu
666,Den,Whiffin,dwhiffinih@sphinn.com
667,Celinda,Bernot,cbernotii@craigslist.org
668,Hagen,Noteyoung,hnoteyoungij@netlog.com
669,Cassi,Beasleigh,cbeasleighik@miitbeian.gov.cn
670,Myrvyn,Snoddon,msnoddonil@typepad.com
671,Cosette,Dargavel,cdargavelim@dot.gov
672,Ronald,Hartell,rhartellin@wsj.com
673,Cristi,Guillond,cguillondio@webs.com
674,Garrik,Lints,glintsip@si.edu
675,Emelia,Tunna,etunnaiq@uol.com.br
676,Eyde,Abramowitch,eabramowitchir@mozilla.org
677,Aldric,Croux,acrouxis@sphinn.com
678,Chas,Sprowell,csprowellit@baidu.com
679,Lyman,Andries,landriesiu@infoseek.co.jp
680,Ambur,Wombwell,awombwelliv@google.nl
681,Ludovika,Grizard,lgrizardiw@cargocollective.com
682,Benyamin,Clingoe,bclingoeix@odnoklassniki.ru
683,Kurtis,Caris,kcarisiy@joomla.org
684,Welbie,Girton,wgirtoniz@google.ru
685,Lukas,Cahani,lcahanij0@fotki.com
686,Guendolen,Barttrum,gbarttrumj1@ning.com
687,Adora,O'Carrol,aocarrolj2@fema.gov
688,Caddric,Brandes,cbrandesj3@amazon.de
689,Valentia,Spinney,vspinneyj4@delicious.com
690,Corabella,Naptine,cnaptinej5@unc.edu
691,Gare,Gowen,ggowenj6@washington.edu
692,Cassandre,Billo,cbilloj7@jiathis.com
693,Mitzi,Kilian,mkilianj8@wunderground.com
694,Rebekah,Taillard,rtaillardj9@microsoft.com
695,Carlene,Walton,cwaltonja@ehow.com
696,Haily,Viggers,hviggersjb@indiatimes.com
697,Angelika,Carse,acarsejc@clickbank.net
698,Rosie,Galbreth,rgalbrethjd@php.net
699,Philip,Mosedale,pmosedaleje@mozilla.com
700,Haze,Liddell,hliddelljf@jalbum.net
701,Elfrida,Maciejak,emaciejakjg@google.de
702,Norbie,Orniz,nornizjh@de.vu
703,Travis,Figiovanni,tfigiovanniji@g.co
704,Curry,Theuff,ctheuffjj@goo.ne.jp
705,Nikkie,De la Yglesia,ndelayglesiajk@rambler.ru
706,Justin,Bachman,jbachmanjl@npr.org
707,Leanna,Tennick,ltennickjm@ucoz.ru
708,Natividad,Hembling,nhemblingjn@networkadvertising.org
709,Kath,Musto,kmustojo@biglobe.ne.jp
710,Mohandas,Salisbury,msalisburyjp@aboutads.info
711,Ephraim,Wetherhead,ewetherheadjq@globo.com
712,Monro,Bilofsky,mbilofskyjr@gizmodo.com
713,Kathryn,Lynett,klynettjs@wired.com
714,Martina,Ruprechter,mruprechterjt@wikimedia.org
715,Michal,Plummer,mplummerju@elpais.com
716,Hasty,Eggle,hegglejv@blog.com
717,Idalina,Brennenstuhl,ibrennenstuhljw@freewebs.com
718,Jena,Orr,jorrjx@economist.com
719,Lurleen,Benech,lbenechjy@eepurl.com
720,Bianca,Clere,bclerejz@unicef.org
721,Kaia,Mault,kmaultk0@statcounter.com
722,Damita,Batcock,dbatcockk1@taobao.com
723,Gradey,Deely,gdeelyk2@mediafire.com
724,Duffie,Tinline,dtinlinek3@amazon.de
725,Ernestine,Boyford,eboyfordk4@woothemes.com
726,Timotheus,Camilleri,tcamillerik5@instagram.com
727,Ermina,Wastell,ewastellk6@weebly.com
728,Harold,Wiggington,hwiggingtonk7@meetup.com
729,Heloise,Spriggs,hspriggsk8@pinterest.com
730,Connor,Flew,cflewk9@techcrunch.com
731,Jaquenette,Dine-Hart,jdinehartka@t-online.de
732,Barri,Lysaght,blysaghtkb@deliciousdays.com
733,Bella,Rockwill,brockwillkc@opera.com
734,Garrick,Corry,gcorrykd@europa.eu
735,Cassondra,Trittam,ctrittamke@goodreads.com
736,Pattie,Corsar,pcorsarkf@thetimes.co.uk
737,Giana,Bilton,gbiltonkg@unesco.org
738,Flin,Knapper,fknapperkh@bandcamp.com
739,Jo-ann,Everleigh,jeverleighki@tuttocitta.it
740,Dag,Blackey,dblackeykj@sogou.com
741,Poppy,Bennellick,pbennellickkk@gizmodo.com
742,Kinsley,Sandeford,ksandefordkl@hud.gov
743,Ingmar,Carlesso,icarlessokm@guardian.co.uk
744,Cody,Ransley,cransleykn@mysql.com
745,Janis,Chaddock,jchaddockko@nbcnews.com
746,Pru,Rebillard,prebillardkp@dyndns.org
747,Simone,McEachern,smceachernkq@ebay.com
748,Walker,Treslove,wtreslovekr@mashable.com
749,Morris,Cote,mcoteks@miitbeian.gov.cn
750,Aaren,Lakeland,alakelandkt@reddit.com
751,Bond,McBrier,bmcbrierku@harvard.edu
752,Bernadene,Manes,bmaneskv@slate.com
753,Anni,Unitt,aunittkw@sciencedirect.com
754,Judith,Shoutt,jshouttkx@zimbio.com
755,Ode,Roxburgh,oroxburghky@mozilla.com
756,Fredi,Hugenin,fhugeninkz@jalbum.net
757,Greer,Nicely,gnicelyl0@icio.us
758,Tanhya,Anger,tangerl1@51.la
759,Bathsheba,Nehlsen,bnehlsenl2@comsenz.com
760,Livvie,Sollas,lsollasl3@elegantthemes.com
761,Alexandro,Lushey,alusheyl4@1und1.de
762,Brianne,Twidell,btwidelll5@whitehouse.gov
763,Sax,Elliff,selliffl6@mac.com
764,Welch,Mugleston,wmuglestonl7@weibo.com
765,Ange,Pittock,apittockl8@businesswire.com
766,Mal,Merrin,mmerrinl9@oracle.com
767,Virgilio,Manhare,vmanharela@salon.com
768,Wildon,Hanks,whankslb@theatlantic.com
769,Terza,Blowen,tblowenlc@hao123.com
770,Vittoria,Donaghy,vdonaghyld@bizjournals.com
771,Marguerite,Gamon,mgamonle@imageshack.us
772,Rodi,Peabody,rpeabodylf@aol.com
773,Annadiane,Nanuccioi,ananuccioilg@cbc.ca
774,Sampson,Skoyles,sskoyleslh@sun.com
775,Rosalie,Skews,rskewsli@telegraph.co.uk
776,Hedvig,Eberst,heberstlj@sciencedirect.com
777,Christy,Element,celementlk@nasa.gov
778,Darb,Sharpous,dsharpousll@smugmug.com
779,Flori,Kennard,fkennardlm@google.co.jp
780,Kara-lynn,Ickovic,kickovicln@t-online.de
781,Robinett,Malcolmson,rmalcolmsonlo@jiathis.com
782,Eydie,Keld,ekeldlp@techcrunch.com
783,Jule,Henze,jhenzelq@bbc.co.uk
784,Rosie,Coyett,rcoyettlr@etsy.com
785,Olag,Cannop,ocannopls@dedecms.com
786,Sibyl,Ingree,singreelt@ibm.com
787,Dieter,Kobu,dkobulu@sohu.com
788,Nikkie,Furse,nfurselv@diigo.com
789,Maison,Ballach,mballachlw@phoca.cz
790,Sigismund,Pryell,spryelllx@gov.uk
791,Livvie,Billanie,lbillaniely@clickbank.net
792,Kirbee,Olliff,kollifflz@sbwire.com
793,Darrick,Spohr,dspohrm0@harvard.edu
794,Bettye,Covotto,bcovottom1@nba.com
795,Willa,Dyment,wdymentm2@amazon.co.uk
796,Erie,Mulqueen,emulqueenm3@nytimes.com
797,Idell,Latter,ilatterm4@usda.gov
798,Claudius,Grassi,cgrassim5@tinyurl.com
799,Reilly,Maryin,rmaryinm6@chicagotribune.com
800,Ernst,Cashford,ecashfordm7@geocities.jp
801,Janenna,Crole,jcrolem8@ucoz.com
802,Uriel,Chisholme,uchisholmem9@yale.edu
803,Theressa,Grave,tgravema@google.pl
804,Athena,Caesman,acaesmanmb@creativecommons.org
805,Keenan,Bernolet,kbernoletmc@pcworld.com
806,Clarence,Makey,cmakeymd@geocities.jp
807,Mamie,Matthaus,mmatthausme@weibo.com
808,Harland,Corgenvin,hcorgenvinmf@smh.com.au
809,Henrietta,Vila,hvilamg@sfgate.com
810,Anson,O'Shavlan,aoshavlanmh@va.gov
811,Meredeth,Iacabucci,miacabuccimi@huffingtonpost.com
812,Cass,Ennals,cennalsmj@angelfire.com
813,Reinwald,Roddy,rroddymk@google.cn
814,Aloisia,Lerhinan,alerhinanml@seesaa.net
815,Corri,Conradsen,cconradsenmm@uiuc.edu
816,Candace,Pixton,cpixtonmn@theglobeandmail.com
817,Hildy,Darnell,hdarnellmo@cbslocal.com
818,Orville,Boulden,obouldenmp@macromedia.com
819,Elsie,Minards,eminardsmq@hugedomains.com
820,Fletcher,Skally,fskallymr@ucla.edu
821,Dehlia,Bonner,dbonnerms@rediff.com
822,Holly-anne,Bedle,hbedlemt@sohu.com
823,Ivy,Howcroft,ihowcroftmu@jalbum.net
824,Loren,Rossey,lrosseymv@opensource.org
825,Ondrea,Jinkinson,ojinkinsonmw@yale.edu
826,Papageno,Faier,pfaiermx@domainmarket.com
827,Selina,Craighill,scraighillmy@artisteer.com
828,Pincas,Gardner,pgardnermz@apple.com
829,Ricca,Clarage,rclaragen0@aboutads.info
830,Marleah,Bartod,mbartodn1@sitemeter.com
831,Krispin,Lies,kliesn2@freewebs.com
832,Waylen,Ajam,wajamn3@webnode.com
833,Hetty,Timbrell,htimbrelln4@rediff.com
834,Corbie,Poynter,cpoyntern5@shop-pro.jp
835,Lillian,Tunmore,ltunmoren6@samsung.com
836,Earl,Beves,ebevesn7@bloomberg.com
837,Augusta,Hundal,ahundaln8@csmonitor.com
838,Stefan,Hoogendorp,shoogendorpn9@lulu.com
839,Dagmar,Dunridge,ddunridgena@bbc.co.uk
840,Nola,Lacelett,nlacelettnb@sourceforge.net
841,Sigismondo,MacConnel,smacconnelnc@techcrunch.com
842,Geraldine,Rasher,grashernd@patch.com
843,Merrile,Hearl,mhearlne@latimes.com
844,Mollee,Riditch,mriditchnf@digg.com
845,Sheila-kathryn,Donett,sdonettng@yale.edu
846,Arch,Shuard,ashuardnh@myspace.com
847,Gibb,Walsom,gwalsomni@about.me
848,Koo,Pratt,kprattnj@ow.ly
849,Willi,Blandamore,wblandamorenk@nydailynews.com
850,Minna,Laird,mlairdnl@webs.com
851,Syman,Harding,shardingnm@whitehouse.gov
852,Waiter,Klausen,wklausennn@state.tx.us
853,Eirena,Naisbet,enaisbetno@themeforest.net
854,Lester,Tripcony,ltripconynp@cornell.edu
855,Lira,Pendlebury,lpendleburynq@tumblr.com
856,Morrie,Gladwin,mgladwinnr@odnoklassniki.ru
857,Laurette,Brimfield,lbrimfieldns@google.de
858,Florian,Breese,fbreesent@illinois.edu
859,Ronnica,Feild,rfeildnu@gravatar.com
860,Jodi,Randles,jrandlesnv@feedburner.com
861,Darice,Borton,dbortonnw@google.nl
862,Janeva,Macauley,jmacauleynx@theguardian.com
863,Kenny,Starbucke,kstarbuckeny@huffingtonpost.com
864,Maximilian,Mineghelli,mmineghellinz@smh.com.au
865,Marijo,Crudge,mcrudgeo0@virginia.edu
866,Eula,Osipenko,eosipenkoo1@yandex.ru
867,Griz,Hinrichs,ghinrichso2@dagondesign.com
868,Dido,Autrie,dautrieo3@dailymotion.com
869,Michal,Rau,mrauo4@economist.com
870,Ambur,Niezen,aniezeno5@eepurl.com
871,Anetta,Plows,aplowso6@noaa.gov
872,Raye,Halligan,rhalligano7@nasa.gov
873,Riordan,Pattle,rpattleo8@storify.com
874,Lilli,Fausch,lfauscho9@purevolume.com
875,Onofredo,Jonathon,ojonathonoa@feedburner.com
876,Coleen,Haulkham,chaulkhamob@mozilla.com
877,Jolene,Balsdon,jbalsdonoc@comcast.net
878,Garrik,Nolder,gnolderod@cdc.gov
879,Carmine,Standbrook,cstandbrookoe@go.com
880,Ketti,Augie,kaugieof@cocolog-nifty.com
881,Hermina,Dampney,hdampneyog@1688.com
882,Sauncho,MacNally,smacnallyoh@spotify.com
883,Licha,Gasnell,lgasnelloi@flickr.com
884,Bronson,Grigorushkin,bgrigorushkinoj@google.it
885,Araldo,Pitcaithly,apitcaithlyok@instagram.com
886,Janette,Richard,jrichardol@census.gov
887,Hermy,Tommei,htommeiom@archive.org
888,Kirby,Hagger,khaggeron@joomla.org
889,Ernaline,Teale,etealeoo@etsy.com
890,Paxon,Ganniclifft,pganniclifftop@sogou.com
891,Andriana,Stigger,astiggeroq@themeforest.net
892,Alden,Harnetty,aharnettyor@cargocollective.com
893,Findlay,Daine,fdaineos@wikispaces.com
894,Roda,Ansty,ranstyot@google.com.br
895,Durante,Beardmore,dbeardmoreou@t.co
896,Hatty,Buffin,hbuffinov@rambler.ru
897,Benito,Aynold,baynoldow@rediff.com
898,Kathy,Cowles,kcowlesox@nih.gov
899,Theressa,Callacher,tcallacheroy@histats.com
900,Claretta,Fleming,cflemingoz@google.ru
901,Ursa,Vella,uvellap0@europa.eu
902,Monika,Tather,mtatherp1@businesswire.com
903,Rhodia,Lasham,rlashamp2@cyberchimps.com
904,Rudolf,Beasant,rbeasantp3@bloglovin.com
905,Webster,Marwood,wmarwoodp4@mashable.com
906,Bryon,Lackinton,blackintonp5@nsw.gov.au
907,Claresta,Willmett,cwillmettp6@altervista.org
908,Margot,Perham,mperhamp7@ca.gov
909,Cristal,Gurney,cgurneyp8@feedburner.com
910,Selina,Boneham,sbonehamp9@posterous.com
911,Der,Abreheart,dabreheartpa@google.com
912,Annelise,Penniall,apenniallpb@google.com.au
913,Greggory,Sumbler,gsumblerpc@hubpages.com
914,Kanya,Entres,kentrespd@list-manage.com
915,Mari,Cressingham,mcressinghampe@wix.com
916,Ralina,Yuryshev,ryuryshevpf@amazon.co.uk
917,Farand,Machin,fmachinpg@timesonline.co.uk
918,Dela,Tringham,dtringhamph@meetup.com
919,Olag,Chesshire,ochesshirepi@themeforest.net
920,Niki,Westbury,nwestburypj@nifty.com
921,Germana,Genn,ggennpk@edublogs.org
922,Jud,Duigenan,jduigenanpl@bandcamp.com
923,Lanie,Hess,lhesspm@jugem.jp
924,Wolfie,Turrell,wturrellpn@whitehouse.gov
925,Erl,Rengger,erenggerpo@blinklist.com
926,Flori,Merle,fmerlepp@ibm.com
927,Dame,Dodson,ddodsonpq@dion.ne.jp
928,Peirce,Maass,pmaasspr@godaddy.com
929,Susanne,Gilford,sgilfordps@chronoengine.com
930,Rivalee,Kosiada,rkosiadapt@1und1.de
931,Alyce,Ielden,aieldenpu@twitter.com
932,Cy,Killik,ckillikpv@springer.com
933,Mahmud,Withur,mwithurpw@nyu.edu
934,Lawton,Moorhead,lmoorheadpx@uol.com.br
935,Arden,Furley,afurleypy@msu.edu
936,Jacquenetta,Cranstone,jcranstonepz@nba.com
937,Bradley,Gillott,bgillottq0@timesonline.co.uk
938,Margarette,Carrell,mcarrellq1@wp.com
939,Persis,Morpeth,pmorpethq2@businessweek.com
940,Sybille,Pedroli,spedroliq3@elegantthemes.com
941,Waldon,Boggers,wboggersq4@admin.ch
942,Elisha,Frisdick,efrisdickq5@businessinsider.com
943,Loralyn,Jameson,ljamesonq6@cafepress.com
944,Gizela,Howse,ghowseq7@shareasale.com
945,Titus,Harden,thardenq8@ehow.com
946,Denys,Overill,doverillq9@ning.com
947,Darren,Runnett,drunnettqa@omniture.com
948,Alister,Woodvine,awoodvineqb@whitehouse.gov
949,Annamaria,Patton,apattonqc@360.cn
950,Kiel,Acuna,kacunaqd@com.com
951,Rockie,Cranmor,rcranmorqe@cnn.com
952,Farrell,Moughtin,fmoughtinqf@loc.gov
953,Hale,Hitschke,hhitschkeqg@miibeian.gov.cn
954,Dalt,Minocchi,dminocchiqh@ebay.co.uk
955,Lari,Carlill,lcarlillqi@mlb.com
956,Fields,Stinson,fstinsonqj@businessinsider.com
957,Baily,Cosley,bcosleyqk@kickstarter.com
958,Odille,Wessell,owessellql@bizjournals.com
959,Julianna,Bohlin,jbohlinqm@webs.com
960,Heddi,Wilsdon,hwilsdonqn@last.fm
961,Holmes,Tudor,htudorqo@t.co
962,Katrinka,Le Fleming,kleflemingqp@cbc.ca
963,Mureil,Rosander,mrosanderqq@newsvine.com
964,Flem,Delagnes,fdelagnesqr@cornell.edu
965,Nancie,Pond-Jones,npondjonesqs@google.cn
966,Osbourne,Yetton,oyettonqt@marketwatch.com
967,Fletcher,Labrow,flabrowqu@apache.org
968,Cornell,Le Pine,clepineqv@timesonline.co.uk
969,Marleah,Hatrick,mhatrickqw@google.com.hk
970,Maiga,MacKain,mmackainqx@webeden.co.uk
971,Myrah,Rafter,mrafterqy@senate.gov
972,Issi,Taggett,itaggettqz@google.it
973,Zonda,O' Dornan,zodornanr0@oakley.com
974,Pippy,Pachta,ppachtar1@mac.com
975,Rose,Gethings,rgethingsr2@ehow.com
976,Joseph,Wanell,jwanellr3@cdbaby.com
977,Powell,Filby,pfilbyr4@mit.edu
978,Jessica,Chisman,jchismanr5@uol.com.br
979,Rosita,Binestead,rbinesteadr6@wunderground.com
980,Tonya,Sudran,tsudranr7@goo.ne.jp
981,Blithe,Itzkov,bitzkovr8@sina.com.cn
982,Felice,Blazevic,fblazevicr9@sphinn.com
983,Muffin,Banck,mbanckra@artisteer.com
984,Teddie,Bettanay,tbettanayrb@qq.com
985,Elie,Fearney,efearneyrc@fema.gov
986,Ketty,Rispin,krispinrd@google.ca
987,Lynelle,Higbin,lhigbinre@mozilla.com
988,Wileen,Creyke,wcreykerf@xinhuanet.com
989,Lula,Messiter,lmessiterrg@cyberchimps.com
990,Uriah,Isakovic,uisakovicrh@nps.gov
991,Massimo,Aiers,maiersri@wsj.com
992,Stanford,Gronaver,sgronaverrj@t.co
993,Harli,Peplaw,hpeplawrk@who.int
994,Reuben,Berwick,rberwickrl@unc.edu
995,Silas,Colpus,scolpusrm@dell.com
996,Liuka,Sidsaff,lsidsaffrn@sbwire.com
997,Bellina,Gatfield,bgatfieldro@sun.com
998,Alley,Reddecliffe,areddeclifferp@illinois.edu
999,Erroll,MacClinton,emacclintonrq@geocities.jp
1000,Konstanze,Dunbobin,kdunbobinrr@tmall.com
1001,Gloriane,Ansill,gansill0@nydailynews.com
1002,Gay,Cesconi,gcesconi1@nymag.com
1003,Natassia,Benoist,nbenoist2@wikispaces.com
1004,Torrie,Headan,theadan3@webnode.com
1005,Gaspard,Domange,gdomange4@friendfeed.com
1006,Caresse,O'Currine,cocurrine5@answers.com
1007,Honoria,Manchett,hmanchett6@answers.com
1008,Blondy,Baynard,bbaynard7@nhs.uk
1009,Waylan,Smithe,wsmithe8@unc.edu
1010,Yoko,Deschelle,ydeschelle9@abc.net.au
1011,Josias,Freeborn,jfreeborna@t-online.de
1012,Valaree,Riehm,vriehmb@hhs.gov
1013,Janis,Savill,jsavillc@dyndns.org
1014,Dallas,Viste,dvisted@simplemachines.org
1015,Regina,Sextone,rsextonee@huffingtonpost.com
1016,Lazar,Oxenden,loxendenf@sogou.com
1017,Philip,Hammarberg,phammarbergg@delicious.com
1018,Jorry,Gunter,jgunterh@tripadvisor.com
1019,Gael,Fleury,gfleuryi@arizona.edu
1020,Micky,Sultan,msultanj@earthlink.net
1021,Lawry,Panther,lpantherk@dyndns.org
1022,Briana,Sapey,bsapeyl@barnesandnoble.com
1023,Gabie,Kastel,gkastelm@hugedomains.com
1024,Adaline,Bukac,abukacn@gmpg.org
1025,Lowrance,Mantrip,lmantripo@addthis.com
1026,Jessamine,Lazenby,jlazenbyp@ucsd.edu
1027,Towny,Capoun,tcapounq@gov.uk
1028,Thor,Garrold,tgarroldr@imdb.com
1029,Aurore,Fossick,afossicks@mapy.cz
1030,Shara,Chomicz,schomiczt@comcast.net
1031,Guenna,Reading,greadingu@livejournal.com
1032,Vera,Spadoni,vspadoniv@bandcamp.com
1033,Anatole,Woolam,awoolamw@hp.com
1034,Margery,Stenson,mstensonx@go.com
1035,Christabella,Garard,cgarardy@harvard.edu
1036,Cloe,Pavic,cpavicz@cafepress.com
1037,Myrvyn,Stonhewer,mstonhewer10@hc360.com
1038,Cyrillus,Mathet,cmathet11@sohu.com
1039,Blanche,Coppock.,bcoppock12@epa.gov
1040,Janeen,Bordes,jbordes13@tinypic.com
1041,Lynnette,Hawford,lhawford14@blogtalkradio.com
1042,Nata,Swin,nswin15@globo.com
1043,Marlo,Baythrop,mbaythrop16@discuz.net
1044,Quint,Gonnely,qgonnely17@gnu.org
1045,Latrena,Voak,lvoak18@guardian.co.uk
1046,Lonna,Arnke,larnke19@tripod.com
1047,Zelma,McDoual,zmcdoual1a@alexa.com
1048,Kristy,Touzey,ktouzey1b@marriott.com
1049,Roselia,Float,rfloat1c@columbia.edu
1050,Christos,McTeer,cmcteer1d@dagondesign.com
1051,Violet,Lowseley,vlowseley1e@deviantart.com
1052,Tresa,Tumility,ttumility1f@instagram.com
1053,Drew,Albertson,dalbertson1g@delicious.com
1054,Izaak,Wynrahame,iwynrahame1h@hud.gov
1055,Christiane,Reedyhough,creedyhough1i@drupal.org
1056,Clotilda,Bauldry,cbauldry1j@imdb.com
1057,Barbie,Elby,belby1k@bloglines.com
1058,Torie,Rought,trought1l@youku.com
1059,Genna,Tremontana,gtremontana1m@nyu.edu
1060,Tallou,Breeton,tbreeton1n@imgur.com
1061,Nady,Fullick,nfullick1o@jugem.jp
1062,Adria,Crampsy,acrampsy1p@admin.ch
1063,Nichol,Kilbee,nkilbee1q@webmd.com
1064,Winona,Juszczak,wjuszczak1r@goodreads.com
1065,Merrilee,Brigshaw,mbrigshaw1s@wordpress.org
1066,Gianna,Pearn,gpearn1t@skyrock.com
1067,Zebadiah,Abramov,zabramov1u@washington.edu
1068,Sydney,Piwall,spiwall1v@meetup.com
1069,Patten,McGinley,pmcginley1w@phpbb.com
1070,Yves,Downer,ydowner1x@google.com
1071,Inesita,Van de Vlies,ivandevlies1y@guardian.co.uk
1072,Gwenny,Rosenbush,grosenbush1z@wikia.com
1073,Brendin,Stoyles,bstoyles20@weebly.com
1074,Brittney,Preshous,bpreshous21@spotify.com
1075,Sanford,Carlisle,scarlisle22@dell.com
1076,Herbert,Gadesby,hgadesby23@jiathis.com
1077,Tobe,Pairpoint,tpairpoint24@weibo.com
1078,Chicky,Habert,chabert25@1688.com
1079,Marcos,Axelbee,maxelbee26@hao123.com
1080,Calla,Hucklesby,chucklesby27@google.com.au
1081,Naoma,Pettigrew,npettigrew28@google.com.au
1082,Perry,Bool,pbool29@phoca.cz
1083,Isidor,Kershaw,ikershaw2a@ftc.gov
1084,Bogart,Iddison,biddison2b@angelfire.com
1085,Mackenzie,Hakewell,mhakewell2c@psu.edu
1086,Corine,Nickolls,cnickolls2d@samsung.com
1087,Berna,Greest,bgreest2e@infoseek.co.jp
1088,Perry,Sproul,psproul2f@gnu.org
1089,Anderea,Formie,aformie2g@tinypic.com
1090,Terence,McCart,tmccart2h@uol.com.br
1091,Sherill,Surfleet,ssurfleet2i@de.vu
1092,Elijah,Mollnar,emollnar2j@rambler.ru
1093,Emily,Hagley,ehagley2k@examiner.com
1094,Pavia,Spurgeon,pspurgeon2l@europa.eu
1095,Tate,Fearnyough,tfearnyough2m@4shared.com
1096,Caroline,Bithany,cbithany2n@prnewswire.com
1097,Harv,Shillum,hshillum2o@cloudflare.com
1098,Walther,Lippitt,wlippitt2p@flickr.com
1099,Farrah,Organ,forgan2q@studiopress.com
1100,Davon,Mossbee,dmossbee2r@forbes.com
1101,Trace,Jakubovsky,tjakubovsky2s@mozilla.com
1102,Reidar,McGiffin,rmcgiffin2t@sciencedirect.com
1103,Lina,Frenchum,lfrenchum2u@deviantart.com
1104,Nicki,Neeves,nneeves2v@rediff.com
1105,Aurthur,Chark,achark2w@mapy.cz
1106,Violet,Fairclough,vfairclough2x@shinystat.com
1107,Rey,Friett,rfriett2y@princeton.edu
1108,Leticia,Roakes,lroakes2z@opera.com
1109,Stephie,Jedryka,sjedryka30@ask.com
1110,Shaw,Bum,sbum31@de.vu
1111,Duky,McKerlie,dmckerlie32@nba.com
1112,Carr,Elam,celam33@studiopress.com
1113,Nadeen,Pidgley,npidgley34@ask.com
1114,Rodney,Oswald,roswald35@shareasale.com
1115,Leontyne,Bruyet,lbruyet36@addtoany.com
1116,Evanne,Ashborne,eashborne37@cmu.edu
1117,Gayleen,Teesdale,gteesdale38@usgs.gov
1118,Haily,Sabine,hsabine39@home.pl
1119,Kaitlyn,Ickowicz,kickowicz3a@berkeley.edu
1120,Lorrie,Turney,lturney3b@fotki.com
1121,Modesty,Lamprecht,mlamprecht3c@mozilla.org
1122,Colin,McVeighty,cmcveighty3d@theatlantic.com
1123,Stacy,Bothams,sbothams3e@nps.gov
1124,Meagan,Ellgood,mellgood3f@domainmarket.com
1125,Aldric,Strowthers,astrowthers3g@tinyurl.com
1126,Cymbre,Ost,cost3h@theatlantic.com
1127,Gerardo,Feechum,gfeechum3i@utexas.edu
1128,Tallia,Werner,twerner3j@hexun.com
1129,Karlens,Gurys,kgurys3k@imdb.com
1130,Andie,Othen,aothen3l@booking.com
1131,Donna,Blois,dblois3m@umich.edu
1132,Mickey,Owenson,mowenson3n@reverbnation.com
1133,Foster,Benjafield,fbenjafield3o@unc.edu
1134,Betti,Eddington,beddington3p@ucoz.com
1135,Chrissie,Caseri,ccaseri3q@ted.com
1136,Timmy,Boundy,tboundy3r@globo.com
1137,Lindsay,Cornwall,lcornwall3s@howstuffworks.com
1138,Ephrem,Dolohunty,edolohunty3t@uiuc.edu
1139,Saundra,Gerin,sgerin3u@smh.com.au
1140,Philippine,Chapellow,pchapellow3v@theguardian.com
1141,Claudian,Piatkow,cpiatkow3w@paypal.com
1142,Sherwood,Servis,sservis3x@ftc.gov
1143,Jonie,Yarrington,jyarrington3y@answers.com
1144,Denni,Matthewson,dmatthewson3z@jiathis.com
1145,Nealon,Cerie,ncerie40@state.gov
1146,Romona,Wyatt,rwyatt41@cafepress.com
1147,Mic,Girardey,mgirardey42@mapquest.com
1148,Tanhya,Hullot,thullot43@mlb.com
1149,Vally,Boase,vboase44@list-manage.com
1150,Windham,Rivalant,wrivalant45@imageshack.us
1151,Harley,Chevers,hchevers46@time.com
1152,Dwain,Ruskin,druskin47@mlb.com
1153,Rorie,Giametti,rgiametti48@bigcartel.com
1154,Valerye,Oneal,voneal49@amazon.co.jp
1155,Frank,Brauns,fbrauns4a@tinyurl.com
1156,Camella,Korting,ckorting4b@nyu.edu
1157,Bernetta,Cuncarr,bcuncarr4c@webmd.com
1158,Carmelle,Tillyer,ctillyer4d@webmd.com
1159,Dell,Bernardinelli,dbernardinelli4e@nydailynews.com
1160,Venus,Ewells,vewells4f@github.io
1161,Elmo,Colt,ecolt4g@aboutads.info
1162,Melisande,Antao,mantao4h@digg.com
1163,Hurley,Boscott,hboscott4i@bravesites.com
1164,Alessandro,De Ortega,adeortega4j@mac.com
1165,Galven,Weild,gweild4k@trellian.com
1166,Derrick,Dunabie,ddunabie4l@indiegogo.com
1167,Nelle,Lafay,nlafay4m@cdbaby.com
1168,Celinka,Touzey,ctouzey4n@ox.ac.uk
1169,Daffie,Simoneau,dsimoneau4o@rakuten.co.jp
1170,Sherwin,Booeln,sbooeln4p@google.co.jp
1171,Sanford,Palle,spalle4q@feedburner.com
1172,Paulie,Sadd,psadd4r@techcrunch.com
1173,Irita,Roote,iroote4s@webs.com
1174,Rea,Josefowicz,rjosefowicz4t@example.com
1175,Malissa,Scobie,mscobie4u@npr.org
1176,Albertina,Frost,afrost4v@statcounter.com
1177,Gaven,Helks,ghelks4w@xinhuanet.com
1178,Timotheus,Honeywood,thoneywood4x@netscape.com
1179,Ferdie,McGinty,fmcginty4y@nyu.edu
1180,Elmo,Ortells,eortells4z@blogger.com
1181,Bailey,Rigts,brigts50@soundcloud.com
1182,Rene,Cerie,rcerie51@wisc.edu
1183,Kingston,Marchiso,kmarchiso52@wunderground.com
1184,Lanna,Arstall,larstall53@netlog.com
1185,Imelda,Springtorpe,ispringtorpe54@psu.edu
1186,Webb,Soppit,wsoppit55@thetimes.co.uk
1187,Bernarr,Golding,bgolding56@youtube.com
1188,Tamiko,Gosford,tgosford57@theatlantic.com
1189,Austen,Thonason,athonason58@phpbb.com
1190,Nalani,Lumpkin,nlumpkin59@amazon.de
1191,Adele,Chipman,achipman5a@mapquest.com
1192,Gualterio,Adkins,gadkins5b@vimeo.com
1193,Vicky,Simic,vsimic5c@cdbaby.com
1194,Etan,Lazenby,elazenby5d@blogs.com
1195,Agna,Mulvaney,amulvaney5e@symantec.com
1196,Mile,Richter,mrichter5f@bigcartel.com
1197,Hewie,Bedinham,hbedinham5g@woothemes.com
1198,Terri,Dudenie,tdudenie5h@hostgator.com
1199,Kennedy,Arnaudi,karnaudi5i@hp.com
1200,Rodie,Rickword,rrickword5j@cornell.edu
1201,Rodrique,Bortoluzzi,rbortoluzzi5k@unc.edu
1202,Roobbie,Peach,rpeach5l@illinois.edu
1203,Cyrille,Abbati,cabbati5m@wisc.edu
1204,Ellwood,Brunotti,ebrunotti5n@friendfeed.com
1205,Loni,McVitty,lmcvitty5o@technorati.com
1206,Germain,Janse,gjanse5p@google.com.br
1207,Garik,Camis,gcamis5q@elegantthemes.com
1208,Elyn,Rodge,erodge5r@aol.com
1209,Corabella,Vick,cvick5s@aol.com
1210,Cris,Legion,clegion5t@archive.org
1211,Myrlene,Vern,mvern5u@ask.com
1212,Garold,Ossipenko,gossipenko5v@ebay.co.uk
1213,Nikolaos,Render,nrender5w@slashdot.org
1214,Lenard,Emmines,lemmines5x@netlog.com
1215,Elisha,Leger,eleger5y@bbb.org
1216,Donelle,Huddleston,dhuddleston5z@meetup.com
1217,Eadie,Ledingham,eledingham60@virginia.edu
1218,Marmaduke,Glendinning,mglendinning61@unblog.fr
1219,Benedicta,Alu,balu62@marriott.com
1220,Kristofor,Roundtree,kroundtree63@imdb.com
1221,Ximenez,Aldersley,xaldersley64@ibm.com
1222,Alejandra,Knobell,aknobell65@cyberchimps.com
1223,Adeline,Kearns,akearns66@icio.us
1224,Traver,Hanway,thanway67@marketwatch.com
1225,Blane,Carnegy,bcarnegy68@booking.com
1226,Lorenzo,McCorry,lmccorry69@netvibes.com
1227,Regina,Sommerton,rsommerton6a@intel.com
1228,Phebe,Gainor,pgainor6b@google.co.jp
1229,Eve,Rex,erex6c@hexun.com
1230,Heda,Botwright,hbotwright6d@4shared.com
1231,Nicolle,Luno,nluno6e@ted.com
1232,Brittani,Whittleton,bwhittleton6f@cdc.gov
1233,Margret,Viccars,mviccars6g@tuttocitta.it
1234,Noland,Ashmole,nashmole6h@sakura.ne.jp
1235,Erl,Wastell,ewastell6i@51.la
1236,Darryl,Polo,dpolo6j@sourceforge.net
1237,Suzie,Plewman,splewman6k@blogspot.com
1238,Bevin,Ibberson,bibberson6l@sbwire.com
1239,Susie,Hek,shek6m@aol.com
1240,Valina,Diwell,vdiwell6n@webnode.com
1241,Veradis,Ramlot,vramlot6o@wikispaces.com
1242,Garrott,Proctor,gproctor6p@unesco.org
1243,Carroll,Lipgens,clipgens6q@soup.io
1244,Claire,McIlwreath,cmcilwreath6r@cnn.com
1245,Sasha,Paul,spaul6s@google.de
1246,Devonne,Cappineer,dcappineer6t@canalblog.com
1247,Joyan,Stowgill,jstowgill6u@lulu.com
1248,Maureen,Aiken,maiken6v@cyberchimps.com
1249,Nolana,Olyfat,nolyfat6w@thetimes.co.uk
1250,Rafaello,Clayill,rclayill6x@clickbank.net
1251,Hilliary,Levins,hlevins6y@google.de
1252,Claus,Mayger,cmayger6z@businessweek.com
1253,Pegeen,Sturdey,psturdey70@yahoo.com
1254,Adair,Peake,apeake71@yellowpages.com
1255,Fallon,Scoyles,fscoyles72@google.co.uk
1256,Portia,Antcliffe,pantcliffe73@wufoo.com
1257,Myrwyn,Savin,msavin74@google.es
1258,Annmaria,Alker,aalker75@rakuten.co.jp
1259,Olly,Elphinston,oelphinston76@nasa.gov
1260,Viole,Blaver,vblaver77@opensource.org
1261,Augusta,Spillman,aspillman78@behance.net
1262,Star,Gritsunov,sgritsunov79@squarespace.com
1263,Dallon,Bandiera,dbandiera7a@vinaora.com
1264,Max,Studdert,mstuddert7b@symantec.com
1265,Corene,McAlester,cmcalester7c@patch.com
1266,Theresita,Morales,tmorales7d@hhs.gov
1267,Rollins,Espinola,respinola7e@de.vu
1268,Elita,O' Concannon,eoconcannon7f@sun.com
1269,Darrel,Norton,dnorton7g@arizona.edu
1270,Janeva,McGlade,jmcglade7h@ucla.edu
1271,Alyssa,Vidgen,avidgen7i@addthis.com
1272,Teodora,Garrat,tgarrat7j@ovh.net
1273,Gabbie,Cottom,gcottom7k@youku.com
1274,Rubetta,Watkiss,rwatkiss7l@myspace.com
1275,Levi,McKerley,lmckerley7m@webeden.co.uk
1276,Harry,Dunrige,hdunrige7n@t-online.de
1277,Rawley,Dollard,rdollard7o@imageshack.us
1278,Elsa,Raeburn,eraeburn7p@earthlink.net
1279,Roderigo,Parbrook,rparbrook7q@deviantart.com
1280,Erinn,Dalgarnocht,edalgarnocht7r@technorati.com
1281,Linn,Strick,lstrick7s@over-blog.com
1282,Janean,Rooksby,jrooksby7t@posterous.com
1283,Theodoric,Ezele,tezele7u@ow.ly
1284,Franz,Hulance,fhulance7v@cafepress.com
1285,Adair,Ortler,aortler7w@opensource.org
1286,Kaylil,Tefft,ktefft7x@ow.ly
1287,Birgitta,Whipp,bwhipp7y@addthis.com
1288,Rikki,Monelli,rmonelli7z@lycos.com
1289,Washington,Baldacchi,wbaldacchi80@noaa.gov
1290,Vladamir,Antonietti,vantonietti81@miitbeian.gov.cn
1291,Beatrisa,Esland,besland82@microsoft.com
1292,Reggi,Sammars,rsammars83@ucla.edu
1293,Sam,Livsey,slivsey84@blogtalkradio.com
1294,Benjamen,Giamelli,bgiamelli85@redcross.org
1295,Gradeigh,Mc Caghan,gmccaghan86@netvibes.com
1296,Jonathon,Henrot,jhenrot87@tamu.edu
1297,Tome,Hakewell,thakewell88@nationalgeographic.com
1298,Carmine,Bruckental,cbruckental89@behance.net
1299,Mindy,Skones,mskones8a@pen.io
1300,Hettie,Roddell,hroddell8b@thetimes.co.uk
1301,Christye,Timson,ctimson8c@cam.ac.uk
1302,Dillon,Quarton,dquarton8d@skype.com
1303,Ransom,Hedan,rhedan8e@hao123.com
1304,Emmanuel,Moriarty,emoriarty8f@patch.com
1305,Ewart,Dreng,edreng8g@gnu.org
1306,Adriena,Caps,acaps8h@shinystat.com
1307,Ty,Aughton,taughton8i@joomla.org
1308,Tatiana,MacFadzean,tmacfadzean8j@usatoday.com
1309,Celeste,Lowen,clowen8k@scientificamerican.com
1310,Gnni,Lymer,glymer8l@mac.com
1311,Dare,Twinborne,dtwinborne8m@arizona.edu
1312,Ariadne,Goseling,agoseling8n@dion.ne.jp
1313,Philipa,Formilli,pformilli8o@apple.com
1314,Harbert,Grady,hgrady8p@youku.com
1315,Wilton,Liddiard,wliddiard8q@taobao.com
1316,Ali,Simka,asimka8r@netscape.com
1317,Aline,Brunstan,abrunstan8s@jimdo.com
1318,Brad,Geroldini,bgeroldini8t@constantcontact.com
1319,Hamil,Larrad,hlarrad8u@e-recht24.de
1320,Marshall,McMorran,mmcmorran8v@arizona.edu
1321,Alvis,Woolens,awoolens8w@sun.com
1322,Glynnis,Sales,gsales8x@mediafire.com
1323,Vivianne,Rydeard,vrydeard8y@1688.com
1324,Goldarina,Vany,gvany8z@hugedomains.com
1325,Aloysia,Siflet,asiflet90@unc.edu
1326,Dana,Brodway,dbrodway91@liveinternet.ru
1327,Brandea,Thundercliffe,bthundercliffe92@cyberchimps.com
1328,Shelba,Halfpenny,shalfpenny93@irs.gov
1329,Vance,Gaitley,vgaitley94@msn.com
1330,Marika,Klemt,mklemt95@canalblog.com
1331,Shalna,Murty,smurty96@blogspot.com
1332,Ruddy,Yven,ryven97@dmoz.org
1333,Wandie,Kilfeder,wkilfeder98@whitehouse.gov
1334,Gillan,Rendall,grendall99@unesco.org
1335,Dorene,Perotti,dperotti9a@tinypic.com
1336,Kaylyn,Westmoreland,kwestmoreland9b@sciencedirect.com
1337,Arman,Attenborrow,aattenborrow9c@moonfruit.com
1338,Mada,Busswell,mbusswell9d@goo.ne.jp
1339,Heidi,McIndrew,hmcindrew9e@state.gov
1340,Faythe,Flacknoe,fflacknoe9f@hexun.com
1341,Ewan,Landreth,elandreth9g@joomla.org
1342,Ceil,Remer,cremer9h@paginegialle.it
1343,Tish,Briar,tbriar9i@mediafire.com
1344,Sax,Streak,sstreak9j@edublogs.org
1345,Saunder,Dani,sdani9k@utexas.edu
1346,Gertrud,Gregol,ggregol9l@skype.com
1347,Winne,Aggott,waggott9m@webnode.com
1348,Coretta,Nassie,cnassie9n@php.net
1349,Danyelle,Haig,dhaig9o@so-net.ne.jp
1350,Harcourt,Goodday,hgoodday9p@dyndns.org
1351,Frances,Ziehms,fziehms9q@springer.com
1352,Harrison,Earie,hearie9r@stumbleupon.com
1353,Berton,Swanton,bswanton9s@goodreads.com
1354,Xenia,Fairnington,xfairnington9t@csmonitor.com
1355,Araldo,Balhatchet,abalhatchet9u@japanpost.jp
1356,Brandy,Murtell,bmurtell9v@shop-pro.jp
1357,Brendis,Traill,btraill9w@google.it
1358,Cleopatra,Aidler,caidler9x@redcross.org
1359,Ruthi,Daviddi,rdaviddi9y@ox.ac.uk
1360,Jessalin,Clowser,jclowser9z@sakura.ne.jp
1361,Vallie,Callow,vcallowa0@nationalgeographic.com
1362,Julita,Shimman,jshimmana1@reddit.com
1363,Allyson,Parkyns,aparkynsa2@imageshack.us
1364,Garnette,Redihough,gredihougha3@youku.com
1365,Moritz,Heinsen,mheinsena4@free.fr
1366,Bernadette,Lerwill,blerwilla5@bing.com
1367,Lyndsie,Curro,lcurroa6@nps.gov
1368,Ginny,Rackam,grackama7@soup.io
1369,Bunni,Van Oort,bvanoorta8@sfgate.com
1370,Tonya,Assard,tassarda9@vkontakte.ru
1371,Francisca,Gerault,fgeraultaa@is.gd
1372,Whitney,Arrighini,warrighiniab@archive.org
1373,Keene,Youson,kyousonac@liveinternet.ru
1374,Rosalind,Longstaffe,rlongstaffead@theguardian.com
1375,Jenelle,Goublier,jgoublierae@dell.com
1376,Elliot,Quinion,equinionaf@bloglovin.com
1377,Dixie,Plowright,dplowrightag@opensource.org
1378,Decca,Runsey,drunseyah@slate.com
1379,Remy,Vreede,rvreedeai@opensource.org
1380,Land,Lillecrap,llillecrapaj@theguardian.com
1381,Carver,Olliar,colliarak@theglobeandmail.com
1382,Rafael,Ciccotto,rciccottoal@pbs.org
1383,Timmy,Mincher,tmincheram@nymag.com
1384,Brit,Gallon,bgallonan@linkedin.com
1385,Josee,Elsy,jelsyao@usgs.gov
1386,Donetta,Adelberg,dadelbergap@ebay.com
1387,Elias,Mougel,emougelaq@github.io
1388,Patti,Kollas,pkollasar@phoca.cz
1389,Velma,Roper,vroperas@networksolutions.com
1390,Loretta,Folshom,lfolshomat@usatoday.com
1391,Elsbeth,Wethers,ewethersau@loc.gov
1392,Allie,Sams,asamsav@auda.org.au
1393,Corey,Pembridge,cpembridgeaw@123-reg.co.uk
1394,Leroy,Haddy,lhaddyax@themeforest.net
1395,Neel,Karoly,nkarolyay@vkontakte.ru
1396,Frederich,Ianinotti,fianinottiaz@redcross.org
1397,Buddy,Cotmore,bcotmoreb0@slideshare.net
1398,Amabel,Corgenvin,acorgenvinb1@ycombinator.com
1399,Sergeant,Fruen,sfruenb2@surveymonkey.com
1400,Griffy,Castenda,gcastendab3@stumbleupon.com
1401,Emalee,Stranks,estranksb4@wikia.com
1402,Cosmo,Spurr,cspurrb5@guardian.co.uk
1403,Albert,Kilborn,akilbornb6@google.es
1404,Idaline,Mariet,imarietb7@163.com
1405,Zsa zsa,Cazin,zcazinb8@bigcartel.com
1406,Ulrica,Duesberry,uduesberryb9@youtube.com
1407,Brod,Server,bserverba@howstuffworks.com
1408,Irina,Puffett,ipuffettbb@geocities.com
1409,Lu,Goodlad,lgoodladbc@earthlink.net
1410,Barn,Varnham,bvarnhambd@hc360.com
1411,Rees,Lougheid,rlougheidbe@google.co.uk
1412,Kelsy,Di Domenico,kdidomenicobf@unblog.fr
1413,Marwin,Bahlmann,mbahlmannbg@e-recht24.de
1414,Horatio,Swyer,hswyerbh@tinypic.com
1415,Florentia,Ianni,fiannibi@addthis.com
1416,Tadeas,Olden,toldenbj@1und1.de
1417,Early,Goucher,egoucherbk@indiegogo.com
1418,Martynne,Giovanizio,mgiovaniziobl@hhs.gov
1419,Idell,Puckrin,ipuckrinbm@paypal.com
1420,Woodman,Barby,wbarbybn@yellowpages.com
1421,Olive,Eake,oeakebo@nasa.gov
1422,Adamo,Leschelle,aleschellebp@mit.edu
1423,Ced,Baldick,cbaldickbq@irs.gov
1424,Joleen,Roggeman,jroggemanbr@parallels.com
1425,Hobie,Budcock,hbudcockbs@nydailynews.com
1426,Rosita,Hercules,rherculesbt@typepad.com
1427,Eduino,Lamp,elampbu@wix.com
1428,Jorgan,Nolda,jnoldabv@hud.gov
1429,Reginauld,Crummey,rcrummeybw@eepurl.com
1430,Conney,Krause,ckrausebx@typepad.com
1431,Constanta,Cleveley,ccleveleyby@globo.com
1432,Ingeborg,Jeakins,ijeakinsbz@seattletimes.com
1433,Jaquith,Lumox,jlumoxc0@harvard.edu
1434,Drake,Wildin,dwildinc1@harvard.edu
1435,Milli,Shankster,mshanksterc2@php.net
1436,Sylas,Guidini,sguidinic3@patch.com
1437,Chrisse,Mc Ilory,cmciloryc4@apache.org
1438,Ceil,Rudman,crudmanc5@army.mil
1439,Wadsworth,Beastall,wbeastallc6@blinklist.com
1440,Lizabeth,Mulqueen,lmulqueenc7@amazon.co.uk
1441,Butch,Goncalo,bgoncaloc8@cocolog-nifty.com
1442,Bianka,Josephi,bjosephic9@odnoklassniki.ru
1443,Rod,Fairhall,rfairhallca@nih.gov
1444,Derby,Lakenton,dlakentoncb@tinyurl.com
1445,Corbett,Bawme,cbawmecc@google.it
1446,Von,Davana,vdavanacd@deviantart.com
1447,Jeanie,Youd,jyoudce@va.gov
1448,Lucie,Beadham,lbeadhamcf@biblegateway.com
1449,Cornall,Hearsey,chearseycg@squarespace.com
1450,Winnie,Lowres,wlowresch@fema.gov
1451,Urbain,Baurerich,ubaurerichci@networkadvertising.org
1452,Lenora,Dauncey,ldaunceycj@arizona.edu
1453,Tamqrah,Trickey,ttrickeyck@ucla.edu
1454,Mandel,Craven,mcravencl@newsvine.com
1455,Alecia,Diddams,adiddamscm@simplemachines.org
1456,Katy,Spradbery,kspradberycn@usnews.com
1457,Joete,Griston,jgristonco@bigcartel.com
1458,Gabriela,Amar,gamarcp@shutterfly.com
1459,Annaliese,O'Mahoney,aomahoneycq@hubpages.com
1460,Shelley,Bembridge,sbembridgecr@princeton.edu
1461,Muire,Meachan,mmeachancs@netvibes.com
1462,Lesley,Brede,lbredect@fc2.com
1463,Fred,Lighton,flightoncu@storify.com
1464,Virgie,Kubach,vkubachcv@cyberchimps.com
1465,Monte,Quye,mquyecw@princeton.edu
1466,Anjanette,Blewmen,ablewmencx@ovh.net
1467,Harris,Grimestone,hgrimestonecy@marriott.com
1468,Ashely,Elner,aelnercz@facebook.com
1469,Gussy,Traut,gtrautd0@prweb.com
1470,Ulberto,Smethurst,usmethurstd1@illinois.edu
1471,Dode,Ashwell,dashwelld2@bing.com
1472,Romona,Riach,rriachd3@w3.org
1473,Travis,Cecchetelli,tcecchetellid4@gizmodo.com
1474,Bondie,McCrone,bmccroned5@oracle.com
1475,Jameson,Haresnape,jharesnaped6@flickr.com
1476,Shelly,Brownsett,sbrownsettd7@harvard.edu
1477,Gilberta,Masse,gmassed8@senate.gov
1478,Kellen,O'Flaverty,koflavertyd9@wikimedia.org
1479,Rodi,Pearch,rpearchda@digg.com
1480,Steward,Leek,sleekdb@bloglines.com
1481,Kimbra,Worley,kworleydc@paypal.com
1482,Ferdinand,Pavic,fpavicdd@pinterest.com
1483,Base,Camm,bcammde@spotify.com
1484,Bibbie,Abbey,babbeydf@skype.com
1485,Celestine,Morrissey,cmorrisseydg@ted.com
1486,Kamila,Ridgedell,kridgedelldh@redcross.org
1487,Renault,De Laspee,rdelaspeedi@dropbox.com
1488,Anjanette,Trimmell,atrimmelldj@yale.edu
1489,Barton,Beckles,bbecklesdk@php.net
1490,Cherice,Selwood,cselwooddl@arizona.edu
1491,Faulkner,Morford,fmorforddm@intel.com
1492,Brantley,Karpol,bkarpoldn@jimdo.com
1493,Randy,De Ambrosis,rdeambrosisdo@uiuc.edu
1494,Coraline,Laurenson,claurensondp@twitter.com
1495,Milty,Parcall,mparcalldq@netscape.com
1496,Lyndy,Trubshawe,ltrubshawedr@mail.ru
1497,Danny,Pennoni,dpennonids@marriott.com
1498,Hilton,MacKettrick,hmackettrickdt@networkadvertising.org
1499,Leonid,Readitt,lreadittdu@jiathis.com
1500,Blake,Shapera,bshaperadv@illinois.edu
1501,Shawna,Girdwood,sgirdwooddw@twitter.com
1502,Iolande,Padwick,ipadwickdx@epa.gov
1503,Karylin,Bento,kbentody@indiatimes.com
1504,Elfrieda,Foot,efootdz@addtoany.com
1505,Ron,Eaton,reatone0@histats.com
1506,Elfrieda,Mustill,emustille1@geocities.com
1507,Malcolm,Stubbes,mstubbese2@google.de
1508,Gilburt,Edworthye,gedworthyee3@army.mil
1509,Emmi,Gedge,egedgee4@salon.com
1510,Derby,Ellwand,dellwande5@wisc.edu
1511,Raine,Grinter,rgrintere6@cloudflare.com
1512,Jecho,Tremaine,jtremainee7@cpanel.net
1513,Maire,Sibbit,msibbite8@baidu.com
1514,Thalia,Rosenbloom,trosenbloome9@gmpg.org
1515,Inger,Ashenhurst,iashenhurstea@sun.com
1516,Liuka,Gillbanks,lgillbankseb@about.me
1517,Joete,Driuzzi,jdriuzziec@nyu.edu
1518,Antonina,Martusewicz,amartusewiczed@digg.com
1519,Gabriello,Witsey,gwitseyee@theguardian.com
1520,Dorise,De Bischof,ddebischofef@google.es
1521,Hanny,Stubbins,hstubbinseg@samsung.com
1522,Tommi,Lune,tluneeh@xing.com
1523,Carmine,Fidgeon,cfidgeonei@yelp.com
1524,Gerrilee,Wallbutton,gwallbuttonej@flavors.me
1525,Kissie,Curm,kcurmek@list-manage.com
1526,Vince,Lanchbury,vlanchburyel@jimdo.com
1527,Reade,Casley,rcasleyem@webmd.com
1528,Dinah,Beetham,dbeethamen@mapquest.com
1529,Tanya,Nast,tnasteo@businessweek.com
1530,Tabina,Mallows,tmallowsep@xrea.com
1531,Godiva,Slany,gslanyeq@ycombinator.com
1532,Ephraim,Mawtus,emawtuser@instagram.com
1533,Golda,Fletcher,gfletcheres@shop-pro.jp
1534,Lavina,Simonite,lsimoniteet@bloglines.com
1535,Rebekkah,Cullinan,rcullinaneu@quantcast.com
1536,Garrard,Schubuser,gschubuserev@istockphoto.com
1537,Ruthann,McAster,rmcasterew@woothemes.com
1538,Tymothy,Malt,tmaltex@nhs.uk
1539,Valentina,Shirtcliffe,vshirtcliffeey@exblog.jp
1540,Curtis,Penhallurick,cpenhallurickez@arizona.edu
1541,Tildie,Lovart,tlovartf0@eepurl.com
1542,Pepi,Barrott,pbarrottf1@chron.com
1543,Freida,Ing,fingf2@infoseek.co.jp
1544,Glendon,Allberry,gallberryf3@nytimes.com
1545,Pamella,Gietz,pgietzf4@squidoo.com
1546,Candace,Wevell,cwevellf5@vkontakte.ru
1547,Riordan,Tebbet,rtebbetf6@weebly.com
1548,Fayre,Yurygyn,fyurygynf7@miitbeian.gov.cn
1549,Annnora,Sudell,asudellf8@etsy.com
1550,Calvin,Vero,cverof9@hc360.com
1551,Fraser,Le Grove,flegrovefa@multiply.com
1552,Bari,Jillings,bjillingsfb@sphinn.com
1553,Lyn,Scroggie,lscroggiefc@skyrock.com
1554,Rickard,Klaussen,rklaussenfd@barnesandnoble.com
1555,Rance,MacDunlevy,rmacdunlevyfe@unicef.org
1556,Olia,McGrory,omcgroryff@bloomberg.com
1557,Milka,Humerstone,mhumerstonefg@tumblr.com
1558,Karil,Gook,kgookfh@utexas.edu
1559,Aila,Shortall,ashortallfi@washingtonpost.com
1560,Rebeka,Spandley,rspandleyfj@bbc.co.uk
1561,Odelia,Rosendahl,orosendahlfk@topsy.com
1562,Giustino,Knock,gknockfl@imdb.com
1563,Elwira,Thiolier,ethiolierfm@cam.ac.uk
1564,Ichabod,Pessolt,ipessoltfn@forbes.com
1565,Izak,Weatherill,iweatherillfo@flavors.me
1566,Jedidiah,Gapp,jgappfp@squidoo.com
1567,Corinne,Solon,csolonfq@npr.org
1568,Aurora,Frisdick,afrisdickfr@mac.com
1569,Christina,Ovett,covettfs@weibo.com
1570,Allison,Rayworth,arayworthft@ft.com
1571,Zane,Itter,zitterfu@independent.co.uk
1572,Halsey,Beszant,hbeszantfv@reference.com
1573,Phillipe,Rusted,prustedfw@amazon.de
1574,Leonardo,Olijve,lolijvefx@cam.ac.uk
1575,Ivett,Blew,iblewfy@hao123.com
1576,Christa,Bendle,cbendlefz@hexun.com
1577,Penny,McGlynn,pmcglynng0@sbwire.com
1578,Sibyl,Gasker,sgaskerg1@toplist.cz
1579,Georgine,Melrose,gmelroseg2@cafepress.com
1580,Milicent,Patifield,mpatifieldg3@symantec.com
1581,Linnet,Crippell,lcrippellg4@harvard.edu
1582,Benjy,Gillino,bgillinog5@hugedomains.com
1583,Cass,Issakov,cissakovg6@plala.or.jp
1584,Theo,Dadd,tdaddg7@scribd.com
1585,Olly,Walsom,owalsomg8@wp.com
1586,Yoshiko,Dron,ydrong9@issuu.com
1587,Herrick,Andries,handriesga@abc.net.au
1588,Upton,Millin,umillingb@timesonline.co.uk
1589,Duky,Morewood,dmorewoodgc@huffingtonpost.com
1590,Raina,Balazot,rbalazotgd@ftc.gov
1591,Alecia,Calley,acalleyge@storify.com
1592,Bernadina,Cudd,bcuddgf@networkadvertising.org
1593,Leona,Berryann,lberryanngg@typepad.com
1594,Agnesse,Healings,ahealingsgh@yelp.com
1595,Garrick,Proppers,gproppersgi@nba.com
1596,Aurore,Ramm,arammgj@indiatimes.com
1597,Katha,Lafrentz,klafrentzgk@google.ru
1598,Corie,Fogt,cfogtgl@auda.org.au
1599,Mollee,Iohananof,miohananofgm@networkadvertising.org
1600,Finn,Renish,frenishgn@scientificamerican.com
1601,Iosep,Tompkinson,itompkinsongo@histats.com
1602,Devland,Learmonth,dlearmonthgp@dropbox.com
1603,Bondy,Lewty,blewtygq@google.ru
1604,Gaylord,Wardhough,gwardhoughgr@who.int
1605,Griffie,Baffin,gbaffings@timesonline.co.uk
1606,Enoch,Mollnar,emollnargt@vk.com
1607,Vaughan,Comber,vcombergu@scientificamerican.com
1608,Abran,Mixer,amixergv@youku.com
1609,Lanny,MacFaul,lmacfaulgw@amazon.com
1610,Quintus,Bamsey,qbamseygx@discuz.net
1611,Denys,Rumble,drumblegy@si.edu
1612,Ahmed,Gobeaux,agobeauxgz@bizjournals.com
1613,Tracy,Peever,tpeeverh0@msn.com
1614,Albrecht,Oade,aoadeh1@cocolog-nifty.com
1615,Obediah,Gercken,ogerckenh2@google.de
1616,Elenore,Silk,esilkh3@networksolutions.com
1617,Jean,Munsey,jmunseyh4@tripadvisor.com
1618,Mallorie,Bather,mbatherh5@behance.net
1619,Gavrielle,Rumgay,grumgayh6@yale.edu
1620,Travers,Bonnette,tbonnetteh7@jiathis.com
1621,Devlen,Meryett,dmeryetth8@tiny.cc
1622,Isacco,Galpin,igalpinh9@soundcloud.com
1623,Nathanil,Schwander,nschwanderha@rediff.com
1624,Francisca,Baggiani,fbaggianihb@opensource.org
1625,Dalton,Bickerdyke,dbickerdykehc@ed.gov
1626,Linn,Morden,lmordenhd@cloudflare.com
1627,Gram,Bushel,gbushelhe@pcworld.com
1628,Eadith,Konzelmann,ekonzelmannhf@usa.gov
1629,Aluino,Smartman,asmartmanhg@woothemes.com
1630,Charmion,Allsworth,callsworthhh@deviantart.com
1631,Mahalia,Gilhool,mgilhoolhi@networkadvertising.org
1632,Donnie,Witham,dwithamhj@g.co
1633,Rodd,Barlee,rbarleehk@paypal.com
1634,Pen,Calven,pcalvenhl@timesonline.co.uk
1635,Sigismund,Crangle,scranglehm@smugmug.com
1636,Orbadiah,Downey,odowneyhn@bandcamp.com
1637,Ailey,Deverson,adeversonho@gizmodo.com
1638,Maxie,Duiguid,mduiguidhp@bloglines.com
1639,Inness,Jozsa,ijozsahq@google.com.br
1640,Genvieve,Giuron,ggiuronhr@samsung.com
1641,Sherman,Essel,sesselhs@lulu.com
1642,Wallace,Storks,wstorksht@blog.com
1643,Cordie,Arnowitz,carnowitzhu@walmart.com
1644,Ashlee,Bravery,abraveryhv@i2i.jp
1645,Vasili,Ryott,vryotthw@ocn.ne.jp
1646,Pasquale,Pietzner,ppietznerhx@cbslocal.com
1647,Ikey,Haglinton,ihaglintonhy@nature.com
1648,Anderson,Harwin,aharwinhz@nature.com
1649,Niel,Dymott,ndymotti0@fc2.com
1650,Netty,Pardie,npardiei1@symantec.com
1651,Vivien,Wybrow,vwybrowi2@accuweather.com
1652,Jordon,Kiddle,jkiddlei3@nationalgeographic.com
1653,Zachery,Devita,zdevitai4@phpbb.com
1654,Blancha,Eagleston,beaglestoni5@list-manage.com
1655,Emma,Edmonds,eedmondsi6@japanpost.jp
1656,Willey,Catcherside,wcatchersidei7@hubpages.com
1657,Kenon,Tarver,ktarveri8@prweb.com
1658,Ranice,Hamnet,rhamneti9@xing.com
1659,Cody,Deener,cdeeneria@dyndns.org
1660,Marsha,Biggam,mbiggamib@intel.com
1661,Hube,Painten,hpaintenic@foxnews.com
1662,Vick,Wesley,vwesleyid@theguardian.com
1663,Freddie,Hillitt,fhillittie@alibaba.com
1664,Mikel,Burfield,mburfieldif@opera.com
1665,Rheba,Brisard,rbrisardig@huffingtonpost.com
1666,Franz,Dann,fdannih@reverbnation.com
1667,Marena,Blundell,mblundellii@foxnews.com
1668,Austine,Maudlen,amaudlenij@blinklist.com
1669,Erastus,Burgett,eburgettik@bizjournals.com
1670,Kendal,Livock,klivockil@irs.gov
1671,Celeste,Swinn,cswinnim@google.com.hk
1672,Bryn,Bartolacci,bbartolacciin@desdev.cn
1673,Hunt,Sclanders,hsclandersio@craigslist.org
1674,Nickie,Baribal,nbaribalip@php.net
1675,Charmaine,Dumini,cduminiiq@google.pl
1676,Baxy,Causier,bcausierir@t-online.de
1677,Hew,Stapforth,hstapforthis@theguardian.com
1678,Jasun,Ellery,jelleryit@cnet.com
1679,Prinz,Hayton,phaytoniu@ning.com
1680,Amery,Nuton,anutoniv@theguardian.com
1681,Loni,Tickner,ltickneriw@4shared.com
1682,Jonah,Muncey,jmunceyix@whitehouse.gov
1683,Erv,Bartlomieczak,ebartlomieczakiy@xrea.com
1684,Tabbitha,Bonome,tbonomeiz@narod.ru
1685,Peadar,Temblett,ptemblettj0@360.cn
1686,Lyndsay,Turban,lturbanj1@csmonitor.com
1687,Chelsea,Lehr,clehrj2@google.cn
1688,Godfrey,Hurll,ghurllj3@ask.com
1689,Eddi,Wither,ewitherj4@zimbio.com
1690,Angil,Abthorpe,aabthorpej5@parallels.com
1691,Candace,Ivashinnikov,civashinnikovj6@apache.org
1692,Jacobo,Brabban,jbrabbanj7@angelfire.com
1693,Nat,Kienzle,nkienzlej8@4shared.com
1694,Shaylyn,Rathjen,srathjenj9@goodreads.com
1695,Kerry,Nutley,knutleyja@tumblr.com
1696,Marley,Huthart,mhuthartjb@cbsnews.com
1697,Bryna,Smalridge,bsmalridgejc@miibeian.gov.cn
1698,Leone,Scallan,lscallanjd@posterous.com
1699,Nicole,Leathwood,nleathwoodje@xinhuanet.com
1700,Sidnee,Pesselt,spesseltjf@theatlantic.com
1701,Somerset,Cordero,scorderojg@admin.ch
1702,Meg,Roxbrough,mroxbroughjh@photobucket.com
1703,Jules,Condliffe,jcondliffeji@salon.com
1704,Reinaldos,Carmont,rcarmontjj@biglobe.ne.jp
1705,Rena,Bockler,rbocklerjk@google.es
1706,Taddeusz,Miskin,tmiskinjl@census.gov
1707,Corey,Fenwick,cfenwickjm@facebook.com
1708,Andy,Meece,ameecejn@ebay.com
1709,Forster,Mc Carroll,fmccarrolljo@sfgate.com
1710,Meggi,Mathis,mmathisjp@wufoo.com
1711,Blanche,Birts,bbirtsjq@ibm.com
1712,Rafaelia,Brabham,rbrabhamjr@constantcontact.com
1713,Armand,Kennealy,akennealyjs@xinhuanet.com
1714,Robinett,Gye,rgyejt@pen.io
1715,Ronica,Alyokhin,ralyokhinju@amazon.com
1716,Dehlia,Wardingley,dwardingleyjv@mapy.cz
1717,Falito,Wilkison,fwilkisonjw@vimeo.com
1718,Jordan,Landall,jlandalljx@psu.edu
1719,Nicolis,Redmille,nredmillejy@google.es
1720,Gabe,Eite,geitejz@usa.gov
1721,Thea,Dingle,tdinglek0@homestead.com
1722,Eleanor,Maass,emaassk1@dailymotion.com
1723,Rodina,Hayes,rhayesk2@msu.edu
1724,Stevana,McGrorty,smcgrortyk3@sciencedaily.com
1725,Glenine,Gregolotti,ggregolottik4@photobucket.com
1726,Ariela,Prendergrass,aprendergrassk5@163.com
1727,Gillian,Tubb,gtubbk6@senate.gov
1728,Vally,Spires,vspiresk7@wikimedia.org
1729,Raimundo,Dable,rdablek8@ning.com
1730,Hughie,Laugherane,hlaugheranek9@patch.com
1731,Pernell,Pucknell,ppucknellka@delicious.com
1732,Nadia,Sarrell,nsarrellkb@ucla.edu
1733,Nicky,Goodluck,ngoodluckkc@statcounter.com
1734,Annie,Worsnup,aworsnupkd@slashdot.org
1735,Donnamarie,Selwyne,dselwyneke@europa.eu
1736,Bevon,O'Kinedy,bokinedykf@senate.gov
1737,Prentiss,Grimwade,pgrimwadekg@huffingtonpost.com
1738,Mic,Grigorushkin,mgrigorushkinkh@sphinn.com
1739,Ebonee,Kippax,ekippaxki@soundcloud.com
1740,Pascal,Geaveny,pgeavenykj@linkedin.com
1741,Thayne,Sailes,tsaileskk@nbcnews.com
1742,Scotty,MacKibbon,smackibbonkl@google.ru
1743,Elisabetta,Walentynowicz,ewalentynowiczkm@buzzfeed.com
1744,Blakeley,Barbrick,bbarbrickkn@si.edu
1745,Gordie,Domerque,gdomerqueko@cdbaby.com
1746,Rorke,Curner,rcurnerkp@creativecommons.org
1747,Emanuel,Skarin,eskarinkq@simplemachines.org
1748,Maryjo,O'Keefe,mokeefekr@cisco.com
1749,Theresa,Gaine of England,tgaineofenglandks@narod.ru
1750,Shani,Newns,snewnskt@bbc.co.uk
1751,Carmine,Fairy,cfairyku@imdb.com
1752,Ginnie,Di Lucia,gdiluciakv@acquirethisname.com
1753,Tome,Westoff,twestoffkw@domainmarket.com
1754,Rouvin,Jakaway,rjakawaykx@seattletimes.com
1755,Augustin,Idel,aidelky@live.com
1756,Curtice,Wrightam,cwrightamkz@reference.com
1757,Debee,Limmer,dlimmerl0@reuters.com
1758,Maureen,Nusche,mnuschel1@goo.gl
1759,Eydie,Klimushev,eklimushevl2@eventbrite.com
1760,Lyndy,Eisikowitch,leisikowitchl3@friendfeed.com
1761,Billye,Roblou,brobloul4@xrea.com
1762,Seward,Farens,sfarensl5@ihg.com
1763,Christy,Klesl,cklesll6@zimbio.com
1764,Bendix,Starford,bstarfordl7@amazon.com
1765,Mela,Crampsey,mcrampseyl8@fema.gov
1766,Brittney,Prescote,bprescotel9@hp.com
1767,Cassandra,Mewett,cmewettla@census.gov
1768,Gelya,Gorghetto,ggorghettolb@biglobe.ne.jp
1769,Boyd,Cochet,bcochetlc@behance.net
1770,Daphne,Thonason,dthonasonld@noaa.gov
1771,Carolin,Layson,claysonle@dyndns.org
1772,Penny,Wrench,pwrenchlf@dion.ne.jp
1773,Rhetta,Tesmond,rtesmondlg@tamu.edu
1774,Irwin,Figurski,ifigurskilh@mozilla.org
1775,Marna,Cuxson,mcuxsonli@illinois.edu
1776,Emlyn,Finlater,efinlaterlj@unblog.fr
1777,Jacquelyn,Kendle,jkendlelk@engadget.com
1778,Selie,Fenemore,sfenemorell@salon.com
1779,Jeffie,Husbands,jhusbandslm@house.gov
1780,Aimil,Denley,adenleyln@guardian.co.uk
1781,Yehudi,Donnison,ydonnisonlo@weather.com
1782,Anastasie,Tash,atashlp@hubpages.com
1783,Flinn,Wong,fwonglq@paypal.com
1784,Vincents,Flisher,vflisherlr@nyu.edu
1785,Stevie,Donativo,sdonativols@privacy.gov.au
1786,Derwin,Sulter,dsulterlt@tuttocitta.it
1787,Danella,Braun,dbraunlu@mysql.com
1788,Umeko,Tripet,utripetlv@yellowpages.com
1789,Florence,Facey,ffaceylw@artisteer.com
1790,Sascha,Syms,ssymslx@nature.com
1791,Ebenezer,Isles,eislesly@disqus.com
1792,Rex,Butrimovich,rbutrimovichlz@simplemachines.org
1793,Elberta,Gooddie,egooddiem0@dot.gov
1794,Chaunce,Yepiskov,cyepiskovm1@xing.com
1795,Nessa,Fadden,nfaddenm2@homestead.com
1796,Pete,Cardinale,pcardinalem3@nhs.uk
1797,Pavia,Wethered,pwetheredm4@free.fr
1798,Alon,Radoux,aradouxm5@indiegogo.com
1799,Marina,Edards,medardsm6@narod.ru
1800,Andrei,Keyho,akeyhom7@pinterest.com
1801,Ossie,Varey,ovareym8@hubpages.com
1802,Duncan,Hebblewhite,dhebblewhitem9@ow.ly
1803,Ynez,Southon,ysouthonma@google.co.uk
1804,Claudina,Upton,cuptonmb@cnbc.com
1805,Karleen,Peers,kpeersmc@dmoz.org
1806,Aleen,Pavlovic,apavlovicmd@ifeng.com
1807,Erin,Barthod,ebarthodme@globo.com
1808,Carolann,Polleye,cpolleyemf@arstechnica.com
1809,Felice,Pocknell,fpocknellmg@delicious.com
1810,Donna,Rilings,drilingsmh@prweb.com
1811,Lanny,Scawn,lscawnmi@miibeian.gov.cn
1812,Ellerey,Slaney,eslaneymj@bluehost.com
1813,Susana,Swin,sswinmk@sciencedirect.com
1814,Ingrid,Baline,ibalineml@issuu.com
1815,Aline,Morecomb,amorecombmm@elegantthemes.com
1816,Griffie,Craft,gcraftmn@nytimes.com
1817,Ingrim,Kemsley,ikemsleymo@jimdo.com
1818,Carmel,Keeley,ckeeleymp@ihg.com
1819,Wye,Cresar,wcresarmq@cyberchimps.com
1820,Eileen,Lewson,elewsonmr@yahoo.com
1821,Auguste,Bramwell,abramwellms@microsoft.com
1822,Annabelle,Northam,anorthammt@webmd.com
1823,Laurie,Astupenas,lastupenasmu@ebay.com
1824,Aprilette,McAirt,amcairtmv@icio.us
1825,Minna,Caswell,mcaswellmw@go.com
1826,Randolph,Baxandall,rbaxandallmx@huffingtonpost.com
1827,Willetta,Gregson,wgregsonmy@foxnews.com
1828,Rochell,Dailey,rdaileymz@vistaprint.com
1829,Corene,Stammers,cstammersn0@umn.edu
1830,Tirrell,Adamowitz,tadamowitzn1@shinystat.com
1831,Roseline,Witz,rwitzn2@sogou.com
1832,Hubie,Cromack,hcromackn3@cbslocal.com
1833,Irina,Klausewitz,iklausewitzn4@topsy.com
1834,Bernadette,Niave,bniaven5@japanpost.jp
1835,Aileen,Berka,aberkan6@independent.co.uk
1836,Portia,De Michele,pdemichelen7@g.co
1837,Nadine,Watkin,nwatkinn8@parallels.com
1838,Garrard,Scotchmore,gscotchmoren9@fda.gov
1839,Dianna,Panchen,dpanchenna@google.ca
1840,Catie,McPhelimy,cmcphelimynb@amazon.co.uk
1841,Dalenna,Sacher,dsachernc@etsy.com
1842,Alexio,Meriot,ameriotnd@lulu.com
1843,Trenton,Beckenham,tbeckenhamne@arizona.edu
1844,Rosie,Fishburn,rfishburnnf@wikipedia.org
1845,Paulie,Baxendale,pbaxendaleng@blogspot.com
1846,Carena,Kupke,ckupkenh@bizjournals.com
1847,Jozef,Collocott,jcollocottni@google.co.uk
1848,Dulce,Wagon,dwagonnj@hexun.com
1849,Hal,Chatain,hchatainnk@goodreads.com
1850,Alphonse,Sirett,asirettnl@printfriendly.com
1851,Annmaria,Bellenie,abellenienm@economist.com
1852,Lemmie,Ismay,lismaynn@europa.eu
1853,Trix,Tilbey,ttilbeyno@google.es
1854,Reggy,Addicott,raddicottnp@surveymonkey.com
1855,Gustave,Tailby,gtailbynq@bloomberg.com
1856,Jo-ann,Lohan,jlohannr@marriott.com
1857,Kerri,Harbron,kharbronns@forbes.com
1858,Fidel,Cockrem,fcockremnt@vinaora.com
1859,Verne,Ottley,vottleynu@creativecommons.org
1860,Colin,Constanza,cconstanzanv@nyu.edu
1861,Giselle,Kennan,gkennannw@ustream.tv
1862,Saunderson,Casewell,scasewellnx@is.gd
1863,Petunia,Wyldbore,pwyldboreny@rambler.ru
1864,Mitzi,Isley,misleynz@aol.com
1865,Ashil,Lean,aleano0@time.com
1866,Alameda,Gittins,agittinso1@illinois.edu
1867,Janie,Bartusek,jbartuseko2@soundcloud.com
1868,Kerrie,Sitlington,ksitlingtono3@tinypic.com
1869,Fallon,Ibotson,fibotsono4@mail.ru
1870,Hestia,Elliman,hellimano5@comsenz.com
1871,Cally,Tommen,ctommeno6@google.ru
1872,Merilyn,Vosse,mvosseo7@foxnews.com
1873,Bard,Aberdalgy,baberdalgyo8@bing.com
1874,Dalenna,Kirkbride,dkirkbrideo9@wunderground.com
1875,Minnaminnie,Ephgrave,mephgraveoa@bloomberg.com
1876,Dominique,Start,dstartob@nydailynews.com
1877,Hunt,Giacomucci,hgiacomuccioc@cam.ac.uk
1878,Sheridan,Cancott,scancottod@prlog.org
1879,Jeddy,Ibbett,jibbettoe@ask.com
1880,Bald,Brownrigg,bbrownriggof@cocolog-nifty.com
1881,Fiann,Muehle,fmuehleog@so-net.ne.jp
1882,Shanie,Matevosian,smatevosianoh@photobucket.com
1883,Marge,Yanson,myansonoi@123-reg.co.uk
1884,Warner,MacCurtain,wmaccurtainoj@constantcontact.com
1885,Cahra,Gertray,cgertrayok@nih.gov
1886,Maurice,Phlippi,mphlippiol@weather.com
1887,Lillian,Skevington,lskevingtonom@aol.com
1888,Baxie,Rivalant,brivalanton@cloudflare.com
1889,Guthrey,Pantin,gpantinoo@hc360.com
1890,Korney,Hinckesman,khinckesmanop@cargocollective.com
1891,Judi,Hallums,jhallumsoq@qq.com
1892,Gayelord,Darell,gdarellor@tamu.edu
1893,Kimmi,McKinnell,kmckinnellos@devhub.com
1894,Holmes,Pentlow,hpentlowot@latimes.com
1895,Kristien,Harteley,kharteleyou@who.int
1896,Melita,Cadman,mcadmanov@imgur.com
1897,Zebedee,Machans,zmachansow@indiegogo.com
1898,Berny,Fodden,bfoddenox@sbwire.com
1899,Hollyanne,Calterone,hcalteroneoy@ameblo.jp
1900,Isidora,Harvett,iharvettoz@amazonaws.com
1901,Nike,Bairstow,nbairstowp0@netlog.com
1902,Nettle,McPhelimy,nmcphelimyp1@jiathis.com
1903,Lidia,Yelding,lyeldingp2@biglobe.ne.jp
1904,Benjy,Penhalurick,bpenhalurickp3@soundcloud.com
1905,Guy,Mathely,gmathelyp4@fc2.com
1906,Eward,Gaither,egaitherp5@reuters.com
1907,Adelle,Paramor,aparamorp6@msu.edu
1908,Cliff,Langdale,clangdalep7@blogs.com
1909,Enrique,Abdee,eabdeep8@seattletimes.com
1910,Giovanna,Pahler,gpahlerp9@sciencedirect.com
1911,Barnie,Dictus,bdictuspa@istockphoto.com
1912,Natalie,Briton,nbritonpb@cargocollective.com
1913,Jaclin,Richarz,jricharzpc@zimbio.com
1914,Leonora,Burkhill,lburkhillpd@usda.gov
1915,Melisenda,Fortman,mfortmanpe@va.gov
1916,Alix,Cansdall,acansdallpf@dedecms.com
1917,Eva,Escoffier,eescoffierpg@ehow.com
1918,Charissa,Schooley,cschooleyph@wunderground.com
1919,Merry,Lydiate,mlydiatepi@canalblog.com
1920,Etheline,Cortes,ecortespj@netlog.com
1921,Karyl,Hariot,khariotpk@nps.gov
1922,Damita,Bagshawe,dbagshawepl@google.com
1923,Chrissie,Bricket,cbricketpm@microsoft.com
1924,Sarine,Radeliffe,sradeliffepn@instagram.com
1925,Christiane,Chicken,cchickenpo@usgs.gov
1926,Crosby,Holtum,choltumpp@biglobe.ne.jp
1927,Marline,Ronchetti,mronchettipq@oracle.com
1928,Stirling,Badsworth,sbadsworthpr@sitemeter.com
1929,Annecorinne,Paull,apaullps@mysql.com
1930,Rosaleen,Drees,rdreespt@webs.com
1931,Anderea,Furmston,afurmstonpu@forbes.com
1932,Guthrie,Blanshard,gblanshardpv@1und1.de
1933,Vernice,Stringman,vstringmanpw@uiuc.edu
1934,Eberto,Guerrin,eguerrinpx@google.it
1935,Ilysa,Stanyer,istanyerpy@earthlink.net
1936,Baryram,Kanwell,bkanwellpz@utexas.edu
1937,Winston,Wordsley,wwordsleyq0@jimdo.com
1938,Kara,Smieton,ksmietonq1@usa.gov
1939,Flinn,Scarisbrick,fscarisbrickq2@disqus.com
1940,Wylma,Comelli,wcomelliq3@lycos.com
1941,Des,Mateescu,dmateescuq4@shinystat.com
1942,Roarke,Degenhardt,rdegenhardtq5@msn.com
1943,Bartholomew,Zupo,bzupoq6@aol.com
1944,Aura,Ochiltree,aochiltreeq7@blogger.com
1945,Zedekiah,Samms,zsammsq8@google.pl
1946,Jen,Persian,jpersianq9@harvard.edu
1947,Liuka,Bernocchi,lbernocchiqa@dailymotion.com
1948,Randi,Coie,rcoieqb@vinaora.com
1949,Mil,Conochie,mconochieqc@newyorker.com
1950,Annabella,Dollard,adollardqd@ox.ac.uk
1951,Eyde,Eathorne,eeathorneqe@alexa.com
1952,Phelia,Vaun,pvaunqf@icio.us
1953,Miof mela,Brinkley,mbrinkleyqg@networksolutions.com
1954,Trueman,D'Adamo,tdadamoqh@xing.com
1955,Allyce,Pauwel,apauwelqi@biblegateway.com
1956,Kaia,Kindall,kkindallqj@spiegel.de
1957,Thebault,Ennion,tennionqk@marriott.com
1958,Noellyn,Shurrock,nshurrockql@deviantart.com
1959,Ericka,Drever,edreverqm@msn.com
1960,Jaime,Barden,jbardenqn@g.co
1961,Ag,Brunelli,abrunelliqo@wufoo.com
1962,Lizette,Huett,lhuettqp@state.gov
1963,Fianna,Hawley,fhawleyqq@hc360.com
1964,Creighton,Rushby,crushbyqr@gravatar.com
1965,Rosette,Falkinder,rfalkinderqs@yelp.com
1966,Joni,Maccraw,jmaccrawqt@imgur.com
1967,Timmy,Pettingill,tpettingillqu@lulu.com
1968,Ramsey,Beri,rberiqv@infoseek.co.jp
1969,Matti,Herion,mherionqw@npr.org
1970,Kimmie,Lardeur,klardeurqx@scientificamerican.com
1971,Lemuel,Jimmes,ljimmesqy@hubpages.com
1972,Hildagarde,Tabord,htabordqz@soundcloud.com
1973,Temp,Parmiter,tparmiterr0@wunderground.com
1974,Darcee,Norgan,dnorganr1@hugedomains.com
1975,Amabel,Halls,ahallsr2@mapy.cz
1976,Sean,Jeckell,sjeckellr3@goodreads.com
1977,Sherwin,Vowdon,svowdonr4@economist.com
1978,Gunilla,Betjeman,gbetjemanr5@hubpages.com
1979,Curr,Crosgrove,ccrosgrover6@ovh.net
1980,Jordanna,Cuerda,jcuerdar7@deviantart.com
1981,Kingsley,Loweth,klowethr8@indiegogo.com
1982,Archaimbaud,Polk,apolkr9@hp.com
1983,Park,Burtwhistle,pburtwhistlera@timesonline.co.uk
1984,Sarena,Geistbeck,sgeistbeckrb@netlog.com
1985,Simone,Eathorne,seathornerc@reuters.com
1986,Cloe,Murrill,cmurrillrd@geocities.jp
1987,Beitris,Lonergan,blonerganre@surveymonkey.com
1988,Dean,Pacquet,dpacquetrf@t.co
1989,Pamella,Kinge,pkingerg@dyndns.org
1990,Lemar,Bosdet,lbosdetrh@hhs.gov
1991,Sheba,Sperwell,ssperwellri@independent.co.uk
1992,Reeva,Kemme,rkemmerj@cpanel.net
1993,Elisabeth,Guidotti,eguidottirk@icio.us
1994,Ferrell,Bewlay,fbewlayrl@google.ru
1995,Gottfried,Weir,gweirrm@163.com
1996,Serge,Biffen,sbiffenrn@comsenz.com
1997,Tobiah,Rosin,trosinro@hubpages.com
1998,Sissie,Folk,sfolkrp@e-recht24.de
1999,Rici,Bremeyer,rbremeyerrq@spiegel.de
2000,Abra,Denekamp,adenekamprr@forbes.com